airplane_code,seat_no,fare_conditions
32N,1A,Business
32N,1C,Business
32N,2A,Business
32N,2C,Business
32N,3A,Business
32N,3C,Business
32N,4A,Business
32N,4C,Business
32N,5A,Business
32N,5C,Business
32N,6A,Business
32N,6C,Business
32N,7A,Business
32N,7C,Business
32N,8A,Business
32N,8C,Business
32N,9A,Business
32N,9C,Business
32N,10A,Business
32N,10C,Business
32N,11A,Business
32N,11C,Business
32N,12A,Business
32N,12C,Business
32N,13A,Business
32N,13C,Business
32N,14A,Business
32N,14C,Business
32N,15A,Business
32N,15C,Business
32N,16A,Business
32N,16C,Business
32N,17A,Comfort
32N,17B,Comfort
32N,17C,Comfort
32N,17D,Comfort
32N,18A,Comfort
32N,18B,Comfort
32N,18C,Comfort
32N,18D,Comfort
32N,19A,Comfort
32N,19B,Comfort
32N,19C,Comfort
32N,19D,Comfort
32N,20A,Comfort
32N,20B,Comfort
32N,20C,Comfort
32N,20D,Comfort
32N,21A,Comfort
32N,21B,Comfort
32N,21C,Comfort
32N,21D,Comfort
32N,22A,Comfort
32N,22B,Comfort
32N,22C,Comfort
32N,22D,Comfort
32N,23A,Comfort
32N,23B,Comfort
32N,23C,Comfort
32N,23D,Comfort
32N,24A,Comfort
32N,24B,Comfort
32N,24C,Comfort
32N,24D,Comfort
32N,25A,Comfort
32N,25B,Comfort
32N,25C,Comfort
32N,25D,Comfort
32N,26A,Comfort
32N,26B,Comfort
32N,26C,Comfort
32N,26D,Comfort
32N,28A,Economy
32N,28B,Economy
32N,28C,Economy
32N,28D,Economy
32N,28E,Economy
32N,28F,Economy
32N,29A,Economy
32N,29B,Economy
32N,29C,Economy
32N,29D,Economy
32N,29E,Economy
32N,29F,Economy
32N,30A,Economy
32N,30B,Economy
32N,30C,Economy
32N,30D,Economy
32N,30E,Economy
32N,30F,Economy
32N,31A,Economy
32N,31B,Economy
32N,31C,Economy
32N,31D,Economy
32N,31E,Economy
32N,31F,Economy
32N,32A,Economy
32N,32B,Economy
32N,32C,Economy
32N,32D,Economy
32N,32E,Economy
32N,32F,Economy
32N,33A,Economy
32N,33B,Economy
32N,33C,Economy
32N,33D,Economy
32N,33E,Economy
32N,33F,Economy
32N,34A,Economy
32N,34B,Economy
32N,34C,Economy
32N,34D,Economy
32N,34E,Economy
32N,34F,Economy
32N,35A,Economy
32N,35B,Economy
32N,35C,Economy
32N,35D,Economy
32N,35E,Economy
32N,35F,Economy
32N,36A,Economy
32N,36B,Economy
32N,36C,Economy
32N,36D,Economy
32N,36E,Economy
32N,36F,Economy
32N,37A,Economy
32N,37B,Economy
32N,37C,Economy
32N,37D,Economy
32N,37E,Economy
32N,37F,Economy
32N,38A,Economy
32N,38B,Economy
32N,38C,Economy
32N,38D,Economy
32N,38E,Economy
32N,38F,Economy
32N,39A,Economy
32N,39B,Economy
32N,39C,Economy
32N,39D,Economy
32N,39E,Economy
32N,39F,Economy
32N,40A,Economy
32N,40B,Economy
32N,40C,Economy
32N,40D,Economy
32N,40E,Economy
32N,40F,Economy
32N,41A,Economy
32N,41B,Economy
32N,41C,Economy
32N,41D,Economy
32N,41E,Economy
32N,41F,Economy
32N,42A,Economy
32N,42B,Economy
32N,42C,Economy
32N,42D,Economy
32N,42E,Economy
32N,42F,Economy
32N,43A,Economy
32N,43B,Economy
32N,43C,Economy
32N,43D,Economy
32N,43E,Economy
32N,43F,Economy
32N,44A,Economy
32N,44B,Economy
32N,44C,Economy
32N,44D,Economy
32N,44E,Economy
32N,44F,Economy
32N,45A,Economy
32N,45B,Economy
32N,45C,Economy
32N,45D,Economy
32N,45E,Economy
32N,45F,Economy
32N,46A,Economy
32N,46B,Economy
32N,46C,Economy
32N,46D,Economy
32N,46E,Economy
32N,46F,Economy
32N,47A,Economy
32N,47B,Economy
32N,47C,Economy
32N,47D,Economy
32N,47E,Economy
32N,47F,Economy
32N,48A,Economy
32N,48B,Economy
32N,48C,Economy
32N,48D,Economy
32N,48E,Economy
32N,48F,Economy
32N,49A,Economy
32N,49B,Economy
32N,49C,Economy
32N,49D,Economy
339,1A,Business
339,1C,Business
339,2A,Business
339,2C,Business
339,3A,Business
339,3C,Business
339,4A,Business
339,4C,Business
339,5A,Business
339,5C,Business
339,6A,Business
339,6C,Business
339,7A,Business
339,7C,Business
339,8A,Business
339,8C,Business
339,9A,Business
339,9C,Business
339,10A,Business
339,10C,Business
339,11A,Business
339,11C,Business
339,12A,Business
339,12C,Business
339,13A,Business
339,13C,Business
339,14A,Business
339,14C,Business
339,15A,Business
339,15C,Business
339,16A,Business
339,16C,Business
339,17A,Business
339,17C,Business
339,18A,Business
339,18C,Business
339,19A,Business
339,19C,Business
339,20A,Business
339,20C,Business
339,21A,Business
339,21C,Business
339,22A,Business
339,22C,Business
339,23A,Business
339,23C,Business
339,24A,Business
339,24C,Business
339,25A,Business
339,25C,Business
339,26A,Business
339,26C,Business
339,27A,Business
339,27C,Business
339,28A,Business
339,28C,Business
339,29A,Comfort
339,29B,Comfort
339,29C,Comfort
339,29D,Comfort
339,30A,Comfort
339,30B,Comfort
339,30C,Comfort
339,30D,Comfort
339,31A,Comfort
339,31B,Comfort
339,31C,Comfort
339,31D,Comfort
339,32A,Comfort
339,32B,Comfort
339,32C,Comfort
339,32D,Comfort
339,33A,Comfort
339,33B,Comfort
339,33C,Comfort
339,33D,Comfort
339,34A,Comfort
339,34B,Comfort
339,34C,Comfort
339,34D,Comfort
339,35A,Comfort
339,35B,Comfort
339,35C,Comfort
339,35D,Comfort
339,36A,Comfort
339,36B,Comfort
339,36C,Comfort
339,36D,Comfort
339,37A,Comfort
339,37B,Comfort
339,37C,Comfort
339,37D,Comfort
339,38A,Comfort
339,38B,Comfort
339,38C,Comfort
339,38D,Comfort
339,39A,Comfort
339,39B,Comfort
339,39C,Comfort
339,39D,Comfort
339,40A,Comfort
339,40B,Comfort
339,40C,Comfort
339,40D,Comfort
339,41A,Comfort
339,41B,Comfort
339,41C,Comfort
339,41D,Comfort
339,47A,Economy
339,47B,Economy
339,47C,Economy
339,47D,Economy
339,47E,Economy
339,47F,Economy
339,48A,Economy
339,48B,Economy
339,48C,Economy
339,48D,Economy
339,48E,Economy
339,48F,Economy
339,49A,Economy
339,49B,Economy
339,49C,Economy
339,49D,Economy
339,49E,Economy
339,49F,Economy
339,50A,Economy
339,50B,Economy
339,50C,Economy
339,50D,Economy
339,50E,Economy
339,50F,Economy
339,51A,Economy
339,51B,Economy
339,51C,Economy
339,51D,Economy
339,51E,Economy
339,51F,Economy
339,52A,Economy
339,52B,Economy
339,52C,Economy
339,52D,Economy
339,52E,Economy
339,52F,Economy
339,53A,Economy
339,53B,Economy
339,53C,Economy
339,53D,Economy
339,53E,Economy
339,53F,Economy
339,54A,Economy
339,54B,Economy
339,54C,Economy
339,54D,Economy
339,54E,Economy
339,54F,Economy
339,55A,Economy
339,55B,Economy
339,55C,Economy
339,55D,Economy
339,55E,Economy
339,55F,Economy
339,56A,Economy
339,56B,Economy
339,56C,Economy
339,56D,Economy
339,56E,Economy
339,56F,Economy
339,57A,Economy
339,57B,Economy
339,57C,Economy
339,57D,Economy
339,57E,Economy
339,57F,Economy
339,58A,Economy
339,58B,Economy
339,58C,Economy
339,58D,Economy
339,58E,Economy
339,58F,Economy
339,59A,Economy
339,59B,Economy
339,59C,Economy
339,59D,Economy
339,59E,Economy
339,59F,Economy
339,60A,Economy
339,60B,Economy
339,60C,Economy
339,60D,Economy
339,60E,Economy
339,60F,Economy
339,61A,Economy
339,61B,Economy
339,61C,Economy
339,61D,Economy
339,61E,Economy
339,61F,Economy
339,62A,Economy
339,62B,Economy
339,62C,Economy
339,62D,Economy
339,62E,Economy
339,62F,Economy
339,63A,Economy
339,63B,Economy
339,63C,Economy
339,63D,Economy
339,63E,Economy
339,63F,Economy
339,64A,Economy
339,64B,Economy
339,64C,Economy
339,64D,Economy
339,64E,Economy
339,64F,Economy
339,65A,Economy
339,65B,Economy
339,65C,Economy
339,65D,Economy
339,65E,Economy
339,65F,Economy
339,66A,Economy
339,66B,Economy
339,66C,Economy
339,66D,Economy
339,66E,Economy
339,66F,Economy
339,67A,Economy
339,67B,Economy
339,67C,Economy
339,67D,Economy
339,67E,Economy
339,67F,Economy
339,68A,Economy
339,68B,Economy
339,68C,Economy
339,68D,Economy
339,68E,Economy
339,68F,Economy
339,69A,Economy
339,69B,Economy
339,69C,Economy
339,69D,Economy
339,69E,Economy
339,69F,Economy
339,70A,Economy
339,70B,Economy
339,70C,Economy
339,70D,Economy
339,70E,Economy
339,70F,Economy
339,71A,Economy
339,71B,Economy
339,71C,Economy
339,71D,Economy
339,71E,Economy
339,71F,Economy
339,72A,Economy
339,72B,Economy
339,72C,Economy
339,72D,Economy
339,72E,Economy
339,72F,Economy
339,73A,Economy
339,73B,Economy
339,73C,Economy
339,73D,Economy
339,73E,Economy
339,73F,Economy
339,74A,Economy
339,74B,Economy
339,74C,Economy
339,74D,Economy
339,74E,Economy
339,74F,Economy
339,75A,Economy
339,75B,Economy
339,75C,Economy
339,75D,Economy
339,75E,Economy
339,75F,Economy
339,76A,Economy
339,76B,Economy
339,76C,Economy
339,76D,Economy
339,76E,Economy
339,76F,Economy
339,77A,Economy
339,77B,Economy
339,77C,Economy
339,77D,Economy
339,77E,Economy
339,77F,Economy
339,78A,Economy
339,78B,Economy
339,78C,Economy
339,78D,Economy
339,78E,Economy
339,78F,Economy
339,79A,Economy
339,79B,Economy
339,79C,Economy
339,79D,Economy
339,79E,Economy
339,79F,Economy
339,80A,Economy
339,80B,Economy
339,80C,Economy
339,80D,Economy
339,80E,Economy
339,80F,Economy
339,81A,Economy
339,81B,Economy
339,81C,Economy
339,81D,Economy
339,81E,Economy
339,81F,Economy
339,82A,Economy
339,82B,Economy
339,82C,Economy
339,82D,Economy
339,82E,Economy
339,82F,Economy
339,83A,Economy
339,83B,Economy
351,1A,Business
351,1C,Business
351,2A,Business
351,2C,Business
351,3A,Business
351,3C,Business
351,4A,Business
351,4C,Business
351,5A,Business
351,5C,Business
351,6A,Business
351,6C,Business
351,7A,Business
351,7C,Business
351,8A,Business
351,8C,Business
351,9A,Business
351,9C,Business
351,10A,Business
351,10C,Business
351,11A,Business
351,11C,Business
351,12A,Business
351,12C,Business
351,13A,Business
351,13C,Business
351,14A,Business
351,14C,Business
351,15A,Business
351,15C,Business
351,16A,Business
351,16C,Business
351,17A,Business
351,17C,Business
351,18A,Business
351,18C,Business
351,19A,Business
351,19C,Business
351,20A,Business
351,20C,Business
351,21A,Business
351,21C,Business
351,22A,Business
351,22C,Business
351,23A,Business
351,23C,Business
351,24A,Business
351,24C,Business
351,25A,Business
351,25C,Business
351,26A,Business
351,26C,Business
351,27A,Business
351,27C,Business
351,28A,Business
351,28C,Business
351,29A,Business
351,29C,Business
351,30A,Business
351,30C,Business
351,31A,Business
351,31C,Business
351,32A,Business
351,32C,Business
351,33A,Comfort
351,33B,Comfort
351,33C,Comfort
351,33D,Comfort
351,34A,Comfort
351,34B,Comfort
351,34C,Comfort
351,34D,Comfort
351,35A,Comfort
351,35B,Comfort
351,35C,Comfort
351,35D,Comfort
351,36A,Comfort
351,36B,Comfort
351,36C,Comfort
351,36D,Comfort
351,37A,Comfort
351,37B,Comfort
351,37C,Comfort
351,37D,Comfort
351,38A,Comfort
351,38B,Comfort
351,38C,Comfort
351,38D,Comfort
351,39A,Comfort
351,39B,Comfort
351,39C,Comfort
351,39D,Comfort
351,40A,Comfort
351,40B,Comfort
351,40C,Comfort
351,40D,Comfort
351,41A,Comfort
351,41B,Comfort
351,41C,Comfort
351,41D,Comfort
351,42A,Comfort
351,42B,Comfort
351,42C,Comfort
351,42D,Comfort
351,43A,Comfort
351,43B,Comfort
351,43C,Comfort
351,43D,Comfort
351,44A,Comfort
351,44B,Comfort
351,44C,Comfort
351,44D,Comfort
351,45A,Comfort
351,45B,Comfort
351,45C,Comfort
351,45D,Comfort
351,46A,Comfort
351,46B,Comfort
351,46C,Comfort
351,46D,Comfort
351,47A,Comfort
351,47B,Comfort
351,47C,Comfort
351,47D,Comfort
351,54A,Economy
351,54B,Economy
351,54C,Economy
351,54D,Economy
351,54E,Economy
351,54F,Economy
351,55A,Economy
351,55B,Economy
351,55C,Economy
351,55D,Economy
351,55E,Economy
351,55F,Economy
351,56A,Economy
351,56B,Economy
351,56C,Economy
351,56D,Economy
351,56E,Economy
351,56F,Economy
351,57A,Economy
351,57B,Economy
351,57C,Economy
351,57D,Economy
351,57E,Economy
351,57F,Economy
351,58A,Economy
351,58B,Economy
351,58C,Economy
351,58D,Economy
351,58E,Economy
351,58F,Economy
351,59A,Economy
351,59B,Economy
351,59C,Economy
351,59D,Economy
351,59E,Economy
351,59F,Economy
351,60A,Economy
351,60B,Economy
351,60C,Economy
351,60D,Economy
351,60E,Economy
351,60F,Economy
351,61A,Economy
351,61B,Economy
351,61C,Economy
351,61D,Economy
351,61E,Economy
351,61F,Economy
351,62A,Economy
351,62B,Economy
351,62C,Economy
351,62D,Economy
351,62E,Economy
351,62F,Economy
351,63A,Economy
351,63B,Economy
351,63C,Economy
351,63D,Economy
351,63E,Economy
351,63F,Economy
351,64A,Economy
351,64B,Economy
351,64C,Economy
351,64D,Economy
351,64E,Economy
351,64F,Economy
351,65A,Economy
351,65B,Economy
351,65C,Economy
351,65D,Economy
351,65E,Economy
351,65F,Economy
351,66A,Economy
351,66B,Economy
351,66C,Economy
351,66D,Economy
351,66E,Economy
351,66F,Economy
351,67A,Economy
351,67B,Economy
351,67C,Economy
351,67D,Economy
351,67E,Economy
351,67F,Economy
351,68A,Economy
351,68B,Economy
351,68C,Economy
351,68D,Economy
351,68E,Economy
351,68F,Economy
351,69A,Economy
351,69B,Economy
351,69C,Economy
351,69D,Economy
351,69E,Economy
351,69F,Economy
351,70A,Economy
351,70B,Economy
351,70C,Economy
351,70D,Economy
351,70E,Economy
351,70F,Economy
351,71A,Economy
351,71B,Economy
351,71C,Economy
351,71D,Economy
351,71E,Economy
351,71F,Economy
351,72A,Economy
351,72B,Economy
351,72C,Economy
351,72D,Economy
351,72E,Economy
351,72F,Economy
351,73A,Economy
351,73B,Economy
351,73C,Economy
351,73D,Economy
351,73E,Economy
351,73F,Economy
351,74A,Economy
351,74B,Economy
351,74C,Economy
351,74D,Economy
351,74E,Economy
351,74F,Economy
351,75A,Economy
351,75B,Economy
351,75C,Economy
351,75D,Economy
351,75E,Economy
351,75F,Economy
351,76A,Economy
351,76B,Economy
351,76C,Economy
351,76D,Economy
351,76E,Economy
351,76F,Economy
351,77A,Economy
351,77B,Economy
351,77C,Economy
351,77D,Economy
351,77E,Economy
351,77F,Economy
351,78A,Economy
351,78B,Economy
351,78C,Economy
351,78D,Economy
351,78E,Economy
351,78F,Economy
351,79A,Economy
351,79B,Economy
351,79C,Economy
351,79D,Economy
351,79E,Economy
351,79F,Economy
351,80A,Economy
351,80B,Economy
351,80C,Economy
351,80D,Economy
351,80E,Economy
351,80F,Economy
351,81A,Economy
351,81B,Economy
351,81C,Economy
351,81D,Economy
351,81E,Economy
351,81F,Economy
351,82A,Economy
351,82B,Economy
351,82C,Economy
351,82D,Economy
351,82E,Economy
351,82F,Economy
351,83A,Economy
351,83B,Economy
351,83C,Economy
351,83D,Economy
351,83E,Economy
351,83F,Economy
351,84A,Economy
351,84B,Economy
351,84C,Economy
351,84D,Economy
351,84E,Economy
351,84F,Economy
351,85A,Economy
351,85B,Economy
351,85C,Economy
351,85D,Economy
351,85E,Economy
351,85F,Economy
351,86A,Economy
351,86B,Economy
351,86C,Economy
351,86D,Economy
351,86E,Economy
351,86F,Economy
351,87A,Economy
351,87B,Economy
351,87C,Economy
351,87D,Economy
351,87E,Economy
351,87F,Economy
351,88A,Economy
351,88B,Economy
351,88C,Economy
351,88D,Economy
351,88E,Economy
351,88F,Economy
351,89A,Economy
351,89B,Economy
351,89C,Economy
351,89D,Economy
351,89E,Economy
351,89F,Economy
351,90A,Economy
351,90B,Economy
351,90C,Economy
351,90D,Economy
351,90E,Economy
351,90F,Economy
351,91A,Economy
351,91B,Economy
351,91C,Economy
351,91D,Economy
351,91E,Economy
351,91F,Economy
351,92A,Economy
351,92B,Economy
351,92C,Economy
351,92D,Economy
351,92E,Economy
351,92F,Economy
351,93A,Economy
351,93B,Economy
351,93C,Economy
351,93D,Economy
351,93E,Economy
351,93F,Economy
351,94A,Economy
351,94B,Economy
351,94C,Economy
351,94D,Economy
351,94E,Economy
351,94F,Economy
351,95A,Economy
351,95B,Economy
351,95C,Economy
351,95D,Economy
351,95E,Economy
351,95F,Economy
351,96A,Economy
77W,1A,Business
77W,1C,Business
77W,2A,Business
77W,2C,Business
77W,3A,Business
77W,3C,Business
77W,4A,Business
77W,4C,Business
77W,5A,Business
77W,5C,Business
77W,6A,Business
77W,6C,Business
77W,7A,Business
77W,7C,Business
77W,8A,Business
77W,8C,Business
77W,9A,Business
77W,9C,Business
77W,10A,Business
77W,10C,Business
77W,11A,Business
77W,11C,Business
77W,12A,Business
77W,12C,Business
77W,13A,Business
77W,13C,Business
77W,14A,Business
77W,14C,Business
77W,15A,Business
77W,15C,Business
77W,16A,Business
77W,16C,Business
77W,17A,Business
77W,17C,Business
77W,18A,Business
77W,18C,Business
77W,19A,Business
77W,19C,Business
77W,20A,Business
77W,20C,Business
77W,21A,Business
77W,21C,Business
77W,22A,Business
77W,22C,Business
77W,23A,Business
77W,23C,Business
77W,24A,Business
77W,24C,Business
77W,25A,Business
77W,25C,Business
77W,26A,Business
77W,26C,Business
77W,27A,Business
77W,27C,Business
77W,28A,Business
77W,28C,Business
77W,29A,Business
77W,29C,Business
77W,30A,Business
77W,30C,Business
77W,31A,Business
77W,31C,Business
77W,32A,Business
77W,32C,Business
77W,33A,Business
77W,33C,Business
77W,34A,Business
77W,34C,Business
77W,35A,Business
77W,35C,Business
77W,36A,Business
77W,36C,Business
77W,37A,Business
77W,37C,Business
77W,38A,Business
77W,38C,Business
77W,39A,Business
77W,39C,Business
77W,40A,Business
77W,40C,Business
77W,41A,Comfort
77W,41B,Comfort
77W,41C,Comfort
77W,41D,Comfort
77W,42A,Comfort
77W,42B,Comfort
77W,42C,Comfort
77W,42D,Comfort
77W,43A,Comfort
77W,43B,Comfort
77W,43C,Comfort
77W,43D,Comfort
77W,44A,Comfort
77W,44B,Comfort
77W,44C,Comfort
77W,44D,Comfort
77W,45A,Comfort
77W,45B,Comfort
77W,45C,Comfort
77W,45D,Comfort
77W,46A,Comfort
77W,46B,Comfort
77W,46C,Comfort
77W,46D,Comfort
77W,47A,Comfort
77W,47B,Comfort
77W,47C,Comfort
77W,47D,Comfort
77W,48A,Comfort
77W,48B,Comfort
77W,48C,Comfort
77W,48D,Comfort
77W,49A,Comfort
77W,49B,Comfort
77W,49C,Comfort
77W,49D,Comfort
77W,50A,Comfort
77W,50B,Comfort
77W,50C,Comfort
77W,50D,Comfort
77W,51A,Comfort
77W,51B,Comfort
77W,51C,Comfort
77W,51D,Comfort
77W,52A,Comfort
77W,52B,Comfort
77W,52C,Comfort
77W,52D,Comfort
77W,53A,Comfort
77W,53B,Comfort
77W,53C,Comfort
77W,53D,Comfort
77W,54A,Comfort
77W,54B,Comfort
77W,54C,Comfort
77W,54D,Comfort
77W,55A,Comfort
77W,55B,Comfort
77W,55C,Comfort
77W,55D,Comfort
77W,56A,Comfort
77W,56B,Comfort
77W,56C,Comfort
77W,56D,Comfort
77W,57A,Comfort
77W,57B,Comfort
77W,57C,Comfort
77W,57D,Comfort
77W,67A,Economy
77W,67B,Economy
77W,67C,Economy
77W,67D,Economy
77W,67E,Economy
77W,67F,Economy
77W,68A,Economy
77W,68B,Economy
77W,68C,Economy
77W,68D,Economy
77W,68E,Economy
77W,68F,Economy
77W,69A,Economy
77W,69B,Economy
77W,69C,Economy
77W,69D,Economy
77W,69E,Economy
77W,69F,Economy
77W,70A,Economy
77W,70B,Economy
77W,70C,Economy
77W,70D,Economy
77W,70E,Economy
77W,70F,Economy
77W,71A,Economy
77W,71B,Economy
77W,71C,Economy
77W,71D,Economy
77W,71E,Economy
77W,71F,Economy
77W,72A,Economy
77W,72B,Economy
77W,72C,Economy
77W,72D,Economy
77W,72E,Economy
77W,72F,Economy
77W,73A,Economy
77W,73B,Economy
77W,73C,Economy
77W,73D,Economy
77W,73E,Economy
77W,73F,Economy
77W,74A,Economy
77W,74B,Economy
77W,74C,Economy
77W,74D,Economy
77W,74E,Economy
77W,74F,Economy
77W,75A,Economy
77W,75B,Economy
77W,75C,Economy
77W,75D,Economy
77W,75E,Economy
77W,75F,Economy
77W,76A,Economy
77W,76B,Economy
77W,76C,Economy
77W,76D,Economy
77W,76E,Economy
77W,76F,Economy
77W,77A,Economy
77W,77B,Economy
77W,77C,Economy
77W,77D,Economy
77W,77E,Economy
77W,77F,Economy
77W,78A,Economy
77W,78B,Economy
77W,78C,Economy
77W,78D,Economy
77W,78E,Economy
77W,78F,Economy
77W,79A,Economy
77W,79B,Economy
77W,79C,Economy
77W,79D,Economy
77W,79E,Economy
77W,79F,Economy
77W,80A,Economy
77W,80B,Economy
77W,80C,Economy
77W,80D,Economy
77W,80E,Economy
77W,80F,Economy
77W,81A,Economy
77W,81B,Economy
77W,81C,Economy
77W,81D,Economy
77W,81E,Economy
77W,81F,Economy
77W,82A,Economy
77W,82B,Economy
77W,82C,Economy
77W,82D,Economy
77W,82E,Economy
77W,82F,Economy
77W,83A,Economy
77W,83B,Economy
77W,83C,Economy
77W,83D,Economy
77W,83E,Economy
77W,83F,Economy
77W,84A,Economy
77W,84B,Economy
77W,84C,Economy
77W,84D,Economy
77W,84E,Economy
77W,84F,Economy
77W,85A,Economy
77W,85B,Economy
77W,85C,Economy
77W,85D,Economy
77W,85E,Economy
77W,85F,Economy
77W,86A,Economy
77W,86B,Economy
77W,86C,Economy
77W,86D,Economy
77W,86E,Economy
77W,86F,Economy
77W,87A,Economy
77W,87B,Economy
77W,87C,Economy
77W,87D,Economy
77W,87E,Economy
77W,87F,Economy
77W,88A,Economy
77W,88B,Economy
77W,88C,Economy
77W,88D,Economy
77W,88E,Economy
77W,88F,Economy
77W,89A,Economy
77W,89B,Economy
77W,89C,Economy
77W,89D,Economy
77W,89E,Economy
77W,89F,Economy
77W,90A,Economy
77W,90B,Economy
77W,90C,Economy
77W,90D,Economy
77W,90E,Economy
77W,90F,Economy
77W,91A,Economy
77W,91B,Economy
77W,91C,Economy
77W,91D,Economy
77W,91E,Economy
77W,91F,Economy
77W,92A,Economy
77W,92B,Economy
77W,92C,Economy
77W,92D,Economy
77W,92E,Economy
77W,92F,Economy
77W,93A,Economy
77W,93B,Economy
77W,93C,Economy
77W,93D,Economy
77W,93E,Economy
77W,93F,Economy
77W,94A,Economy
77W,94B,Economy
77W,94C,Economy
77W,94D,Economy
77W,94E,Economy
77W,94F,Economy
77W,95A,Economy
77W,95B,Economy
77W,95C,Economy
77W,95D,Economy
77W,95E,Economy
77W,95F,Economy
77W,96A,Economy
77W,96B,Economy
77W,96C,Economy
77W,96D,Economy
77W,96E,Economy
77W,96F,Economy
77W,97A,Economy
77W,97B,Economy
77W,97C,Economy
77W,97D,Economy
77W,97E,Economy
77W,97F,Economy
77W,98A,Economy
77W,98B,Economy
77W,98C,Economy
77W,98D,Economy
77W,98E,Economy
77W,98F,Economy
77W,99A,Economy
77W,99B,Economy
77W,99C,Economy
77W,99D,Economy
77W,99E,Economy
77W,99F,Economy
77W,100A,Economy
77W,100B,Economy
77W,100C,Economy
77W,100D,Economy
77W,100E,Economy
77W,100F,Economy
77W,101A,Economy
77W,101B,Economy
77W,101C,Economy
77W,101D,Economy
77W,101E,Economy
77W,101F,Economy
77W,102A,Economy
77W,102B,Economy
77W,102C,Economy
77W,102D,Economy
77W,102E,Economy
77W,102F,Economy
77W,103A,Economy
77W,103B,Economy
77W,103C,Economy
77W,103D,Economy
77W,103E,Economy
77W,103F,Economy
77W,104A,Economy
77W,104B,Economy
77W,104C,Economy
77W,104D,Economy
77W,104E,Economy
77W,104F,Economy
77W,105A,Economy
77W,105B,Economy
77W,105C,Economy
77W,105D,Economy
77W,105E,Economy
77W,105F,Economy
77W,106A,Economy
77W,106B,Economy
77W,106C,Economy
77W,106D,Economy
77W,106E,Economy
77W,106F,Economy
77W,107A,Economy
77W,107B,Economy
77W,107C,Economy
77W,107D,Economy
77W,107E,Economy
77W,107F,Economy
77W,108A,Economy
77W,108B,Economy
77W,108C,Economy
77W,108D,Economy
77W,108E,Economy
77W,108F,Economy
77W,109A,Economy
77W,109B,Economy
77W,109C,Economy
77W,109D,Economy
77W,109E,Economy
77W,109F,Economy
77W,110A,Economy
77W,110B,Economy
77W,110C,Economy
77W,110D,Economy
77W,110E,Economy
77W,110F,Economy
77W,111A,Economy
77W,111B,Economy
77W,111C,Economy
77W,111D,Economy
77W,111E,Economy
77W,111F,Economy
77W,112A,Economy
77W,112B,Economy
77W,112C,Economy
77W,112D,Economy
77W,112E,Economy
77W,112F,Economy
77W,113A,Economy
77W,113B,Economy
77W,113C,Economy
77W,113D,Economy
77W,113E,Economy
77W,113F,Economy
77W,114A,Economy
77W,114B,Economy
77W,114C,Economy
77W,114D,Economy
77W,114E,Economy
77W,114F,Economy
77W,115A,Economy
77W,115B,Economy
77W,115C,Economy
77W,115D,Economy
77W,115E,Economy
77W,115F,Economy
77W,116A,Economy
77W,116B,Economy
77W,116C,Economy
77W,116D,Economy
77W,116E,Economy
77W,116F,Economy
77W,117A,Economy
77W,117B,Economy
77W,117C,Economy
77W,117D,Economy
77W,117E,Economy
77W,117F,Economy
77W,118A,Economy
77W,118B,Economy
77W,118C,Economy
77W,118D,Economy
77W,118E,Economy
77W,118F,Economy
77W,119A,Economy
77W,119B,Economy
789,1A,Business
789,1C,Business
789,2A,Business
789,2C,Business
789,3A,Business
789,3C,Business
789,4A,Business
789,4C,Business
789,5A,Business
789,5C,Business
789,6A,Business
789,6C,Business
789,7A,Business
789,7C,Business
789,8A,Business
789,8C,Business
789,9A,Business
789,9C,Business
789,10A,Business
789,10C,Business
789,11A,Business
789,11C,Business
789,12A,Business
789,12C,Business
789,13A,Business
789,13C,Business
789,14A,Business
789,14C,Business
789,15A,Business
789,15C,Business
789,16A,Business
789,16C,Business
789,17A,Business
789,17C,Business
789,18A,Business
789,18C,Business
789,19A,Business
789,19C,Business
789,20A,Business
789,20C,Business
789,21A,Business
789,21C,Business
789,22A,Business
789,22C,Business
789,23A,Business
789,23C,Business
789,24A,Business
789,24C,Business
789,25A,Business
789,25C,Business
789,26A,Comfort
789,26B,Comfort
789,26C,Comfort
789,26D,Comfort
789,27A,Comfort
789,27B,Comfort
789,27C,Comfort
789,27D,Comfort
789,28A,Comfort
789,28B,Comfort
789,28C,Comfort
789,28D,Comfort
789,29A,Comfort
789,29B,Comfort
789,29C,Comfort
789,29D,Comfort
789,30A,Comfort
789,30B,Comfort
789,30C,Comfort
789,30D,Comfort
789,31A,Comfort
789,31B,Comfort
789,31C,Comfort
789,31D,Comfort
789,32A,Comfort
789,32B,Comfort
789,32C,Comfort
789,32D,Comfort
789,33A,Comfort
789,33B,Comfort
789,33C,Comfort
789,33D,Comfort
789,34A,Comfort
789,34B,Comfort
789,34C,Comfort
789,34D,Comfort
789,35A,Comfort
789,35B,Comfort
789,35C,Comfort
789,35D,Comfort
789,36A,Comfort
789,36B,Comfort
789,36C,Comfort
789,36D,Comfort
789,37A,Comfort
789,37B,Comfort
789,37C,Comfort
789,37D,Comfort
789,38A,Comfort
789,38B,Comfort
789,38C,Comfort
789,38D,Comfort
789,43A,Economy
789,43B,Economy
789,43C,Economy
789,43D,Economy
789,43E,Economy
789,43F,Economy
789,44A,Economy
789,44B,Economy
789,44C,Economy
789,44D,Economy
789,44E,Economy
789,44F,Economy
789,45A,Economy
789,45B,Economy
789,45C,Economy
789,45D,Economy
789,45E,Economy
789,45F,Economy
789,46A,Economy
789,46B,Economy
789,46C,Economy
789,46D,Economy
789,46E,Economy
789,46F,Economy
789,47A,Economy
789,47B,Economy
789,47C,Economy
789,47D,Economy
789,47E,Economy
789,47F,Economy
789,48A,Economy
789,48B,Economy
789,48C,Economy
789,48D,Economy
789,48E,Economy
789,48F,Economy
789,49A,Economy
789,49B,Economy
789,49C,Economy
789,49D,Economy
789,49E,Economy
789,49F,Economy
789,50A,Economy
789,50B,Economy
789,50C,Economy
789,50D,Economy
789,50E,Economy
789,50F,Economy
789,51A,Economy
789,51B,Economy
789,51C,Economy
789,51D,Economy
789,51E,Economy
789,51F,Economy
789,52A,Economy
789,52B,Economy
789,52C,Economy
789,52D,Economy
789,52E,Economy
789,52F,Economy
789,53A,Economy
789,53B,Economy
789,53C,Economy
789,53D,Economy
789,53E,Economy
789,53F,Economy
789,54A,Economy
789,54B,Economy
789,54C,Economy
789,54D,Economy
789,54E,Economy
789,54F,Economy
789,55A,Economy
789,55B,Economy
789,55C,Economy
789,55D,Economy
789,55E,Economy
789,55F,Economy
789,56A,Economy
789,56B,Economy
789,56C,Economy
789,56D,Economy
789,56E,Economy
789,56F,Economy
789,57A,Economy
789,57B,Economy
789,57C,Economy
789,57D,Economy
789,57E,Economy
789,57F,Economy
789,58A,Economy
789,58B,Economy
789,58C,Economy
789,58D,Economy
789,58E,Economy
789,58F,Economy
789,59A,Economy
789,59B,Economy
789,59C,Economy
789,59D,Economy
789,59E,Economy
789,59F,Economy
789,60A,Economy
789,60B,Economy
789,60C,Economy
789,60D,Economy
789,60E,Economy
789,60F,Economy
789,61A,Economy
789,61B,Economy
789,61C,Economy
789,61D,Economy
789,61E,Economy
789,61F,Economy
789,62A,Economy
789,62B,Economy
789,62C,Economy
789,62D,Economy
789,62E,Economy
789,62F,Economy
789,63A,Economy
789,63B,Economy
789,63C,Economy
789,63D,Economy
789,63E,Economy
789,63F,Economy
789,64A,Economy
789,64B,Economy
789,64C,Economy
789,64D,Economy
789,64E,Economy
789,64F,Economy
789,65A,Economy
789,65B,Economy
789,65C,Economy
789,65D,Economy
789,65E,Economy
789,65F,Economy
789,66A,Economy
789,66B,Economy
789,66C,Economy
789,66D,Economy
789,66E,Economy
789,66F,Economy
789,67A,Economy
789,67B,Economy
789,67C,Economy
789,67D,Economy
789,67E,Economy
789,67F,Economy
789,68A,Economy
789,68B,Economy
789,68C,Economy
789,68D,Economy
789,68E,Economy
789,68F,Economy
789,69A,Economy
789,69B,Economy
789,69C,Economy
789,69D,Economy
789,69E,Economy
789,69F,Economy
789,70A,Economy
789,70B,Economy
789,70C,Economy
789,70D,Economy
789,70E,Economy
789,70F,Economy
789,71A,Economy
789,71B,Economy
789,71C,Economy
789,71D,Economy
789,71E,Economy
789,71F,Economy
789,72A,Economy
789,72B,Economy
789,72C,Economy
789,72D,Economy
789,72E,Economy
789,72F,Economy
789,73A,Economy
789,73B,Economy
789,73C,Economy
789,73D,Economy
789,73E,Economy
789,73F,Economy
789,74A,Economy
789,74B,Economy
789,74C,Economy
789,74D,Economy
789,74E,Economy
789,74F,Economy
789,75A,Economy
789,75B,Economy
789,75C,Economy
789,75D,Economy
789,75E,Economy
789,75F,Economy
789,76A,Economy
789,76B,Economy
7M7,1A,Business
7M7,1C,Business
7M7,2A,Business
7M7,2C,Business
7M7,3A,Business
7M7,3C,Business
7M7,4A,Business
7M7,4C,Business
7M7,5A,Business
7M7,5C,Business
7M7,6A,Business
7M7,6C,Business
7M7,7A,Business
7M7,7C,Business
7M7,8A,Business
7M7,8C,Business
7M7,9A,Business
7M7,9C,Business
7M7,10A,Business
7M7,10C,Business
7M7,11A,Business
7M7,11C,Business
7M7,12A,Business
7M7,12C,Business
7M7,13A,Business
7M7,13C,Business
7M7,14A,Business
7M7,14C,Business
7M7,15A,Business
7M7,15C,Business
7M7,16A,Business
7M7,16C,Business
7M7,17A,Comfort
7M7,17B,Comfort
7M7,17C,Comfort
7M7,17D,Comfort
7M7,18A,Comfort
7M7,18B,Comfort
7M7,18C,Comfort
7M7,18D,Comfort
7M7,19A,Comfort
7M7,19B,Comfort
7M7,19C,Comfort
7M7,19D,Comfort
7M7,20A,Comfort
7M7,20B,Comfort
7M7,20C,Comfort
7M7,20D,Comfort
7M7,21A,Comfort
7M7,21B,Comfort
7M7,21C,Comfort
7M7,21D,Comfort
7M7,22A,Comfort
7M7,22B,Comfort
7M7,22C,Comfort
7M7,22D,Comfort
7M7,23A,Comfort
7M7,23B,Comfort
7M7,23C,Comfort
7M7,23D,Comfort
7M7,24A,Comfort
7M7,24B,Comfort
7M7,24C,Comfort
7M7,24D,Comfort
7M7,25A,Comfort
7M7,25B,Comfort
7M7,25C,Comfort
7M7,25D,Comfort
7M7,26A,Comfort
7M7,26B,Comfort
7M7,26C,Comfort
7M7,26D,Comfort
7M7,28A,Economy
7M7,28B,Economy
7M7,28C,Economy
7M7,28D,Economy
7M7,28E,Economy
7M7,28F,Economy
7M7,29A,Economy
7M7,29B,Economy
7M7,29C,Economy
7M7,29D,Economy
7M7,29E,Economy
7M7,29F,Economy
7M7,30A,Economy
7M7,30B,Economy
7M7,30C,Economy
7M7,30D,Economy
7M7,30E,Economy
7M7,30F,Economy
7M7,31A,Economy
7M7,31B,Economy
7M7,31C,Economy
7M7,31D,Economy
7M7,31E,Economy
7M7,31F,Economy
7M7,32A,Economy
7M7,32B,Economy
7M7,32C,Economy
7M7,32D,Economy
7M7,32E,Economy
7M7,32F,Economy
7M7,33A,Economy
7M7,33B,Economy
7M7,33C,Economy
7M7,33D,Economy
7M7,33E,Economy
7M7,33F,Economy
7M7,34A,Economy
7M7,34B,Economy
7M7,34C,Economy
7M7,34D,Economy
7M7,34E,Economy
7M7,34F,Economy
7M7,35A,Economy
7M7,35B,Economy
7M7,35C,Economy
7M7,35D,Economy
7M7,35E,Economy
7M7,35F,Economy
7M7,36A,Economy
7M7,36B,Economy
7M7,36C,Economy
7M7,36D,Economy
7M7,36E,Economy
7M7,36F,Economy
7M7,37A,Economy
7M7,37B,Economy
7M7,37C,Economy
7M7,37D,Economy
7M7,37E,Economy
7M7,37F,Economy
7M7,38A,Economy
7M7,38B,Economy
7M7,38C,Economy
7M7,38D,Economy
7M7,38E,Economy
7M7,38F,Economy
7M7,39A,Economy
7M7,39B,Economy
7M7,39C,Economy
7M7,39D,Economy
7M7,39E,Economy
7M7,39F,Economy
7M7,40A,Economy
7M7,40B,Economy
7M7,40C,Economy
7M7,40D,Economy
7M7,40E,Economy
7M7,40F,Economy
7M7,41A,Economy
7M7,41B,Economy
7M7,41C,Economy
7M7,41D,Economy
7M7,41E,Economy
7M7,41F,Economy
7M7,42A,Economy
7M7,42B,Economy
7M7,42C,Economy
7M7,42D,Economy
7M7,42E,Economy
7M7,42F,Economy
7M7,43A,Economy
7M7,43B,Economy
7M7,43C,Economy
7M7,43D,Economy
7M7,43E,Economy
7M7,43F,Economy
7M7,44A,Economy
7M7,44B,Economy
7M7,44C,Economy
7M7,44D,Economy
7M7,44E,Economy
7M7,44F,Economy
7M7,45A,Economy
7M7,45B,Economy
7M7,45C,Economy
7M7,45D,Economy
7M7,45E,Economy
7M7,45F,Economy
7M7,46A,Economy
7M7,46B,Economy
7M7,46C,Economy
7M7,46D,Economy
7M7,46E,Economy
7M7,46F,Economy
7M7,47A,Economy
7M7,47B,Economy
7M7,47C,Economy
7M7,47D,Economy
7M7,47E,Economy
7M7,47F,Economy
7M7,48A,Economy
7M7,48B,Economy
7M7,48C,Economy
7M7,48D,Economy
CR7,1A,Business
CR7,1C,Business
CR7,2A,Business
CR7,2C,Business
CR7,3A,Business
CR7,3C,Business
CR7,4A,Business
CR7,4C,Business
CR7,5A,Business
CR7,5C,Business
CR7,6A,Business
CR7,6C,Business
CR7,7A,Business
CR7,7C,Business
CR7,8A,Comfort
CR7,8B,Comfort
CR7,8C,Comfort
CR7,8D,Comfort
CR7,9A,Comfort
CR7,9B,Comfort
CR7,9C,Comfort
CR7,9D,Comfort
CR7,10A,Comfort
CR7,10B,Comfort
CR7,10C,Comfort
CR7,10D,Comfort
CR7,11A,Comfort
CR7,11B,Comfort
CR7,11C,Comfort
CR7,11D,Comfort
CR7,12A,Comfort
CR7,12B,Comfort
CR7,12C,Comfort
CR7,12D,Comfort
CR7,13A,Economy
CR7,13B,Economy
CR7,13C,Economy
CR7,13D,Economy
CR7,13E,Economy
CR7,13F,Economy
CR7,14A,Economy
CR7,14B,Economy
CR7,14C,Economy
CR7,14D,Economy
CR7,14E,Economy
CR7,14F,Economy
CR7,15A,Economy
CR7,15B,Economy
CR7,15C,Economy
CR7,15D,Economy
CR7,15E,Economy
CR7,15F,Economy
CR7,16A,Economy
CR7,16B,Economy
CR7,16C,Economy
CR7,16D,Economy
CR7,16E,Economy
CR7,16F,Economy
CR7,17A,Economy
CR7,17B,Economy
CR7,17C,Economy
CR7,17D,Economy
CR7,17E,Economy
CR7,17F,Economy
CR7,18A,Economy
CR7,18B,Economy
CR7,18C,Economy
CR7,18D,Economy
CR7,18E,Economy
CR7,18F,Economy
CR7,19A,Economy
CR7,19B,Economy
CR7,19C,Economy
CR7,19D,Economy
CR7,19E,Economy
CR7,19F,Economy
CR7,20A,Economy
CR7,20B,Economy
CR7,20C,Economy
CR7,20D,Economy
CR7,20E,Economy
CR7,20F,Economy
CR7,21A,Economy
CR7,21B,Economy
CR7,21C,Economy
CR7,21D,Economy
CR7,21E,Economy
CR7,21F,Economy
CR7,22A,Economy
E70,1A,Business
E70,1C,Business
E70,2A,Business
E70,2C,Business
E70,3A,Business
E70,3C,Business
E70,4A,Business
E70,4C,Business
E70,5A,Business
E70,5C,Business
E70,6A,Business
E70,6C,Business
E70,7A,Business
E70,7C,Business
E70,8A,Comfort
E70,8B,Comfort
E70,8C,Comfort
E70,8D,Comfort
E70,9A,Comfort
E70,9B,Comfort
E70,9C,Comfort
E70,9D,Comfort
E70,10A,Comfort
E70,10B,Comfort
E70,10C,Comfort
E70,10D,Comfort
E70,11A,Comfort
E70,11B,Comfort
E70,11C,Comfort
E70,11D,Comfort
E70,12A,Comfort
E70,12B,Comfort
E70,12C,Comfort
E70,12D,Comfort
E70,13A,Economy
E70,13B,Economy
E70,13C,Economy
E70,13D,Economy
E70,13E,Economy
E70,13F,Economy
E70,14A,Economy
E70,14B,Economy
E70,14C,Economy
E70,14D,Economy
E70,14E,Economy
E70,14F,Economy
E70,15A,Economy
E70,15B,Economy
E70,15C,Economy
E70,15D,Economy
E70,15E,Economy
E70,15F,Economy
E70,16A,Economy
E70,16B,Economy
E70,16C,Economy
E70,16D,Economy
E70,16E,Economy
E70,16F,Economy
E70,17A,Economy
E70,17B,Economy
E70,17C,Economy
E70,17D,Economy
E70,17E,Economy
E70,17F,Economy
E70,18A,Economy
E70,18B,Economy
E70,18C,Economy
E70,18D,Economy
E70,18E,Economy
E70,18F,Economy
E70,19A,Economy
E70,19B,Economy
E70,19C,Economy
E70,19D,Economy
E70,19E,Economy
E70,19F,Economy
E70,20A,Economy
E70,20B,Economy
E70,20C,Economy
E70,20D,Economy
E70,20E,Economy
E70,20F,Economy
E70,21A,Economy
E70,21B,Economy
E70,21C,Economy
E70,21D,Economy
E70,21E,Economy
E70,21F,Economy
E70,22A,Economy
E70,22B,Economy
E70,22C,Economy
E70,22D,Economy
E70,22E,Economy
E70,22F,Economy
E70,23A,Economy
E70,23B,Economy
A21N,1A,Business
A21N,1C,Business
A21N,2A,Business
A21N,2C,Business
A21N,3A,Business
A21N,3C,Business
A21N,4A,Business
A21N,4C,Business
A21N,5A,Business
A21N,5C,Business
A21N,6A,Business
A21N,6C,Business
A21N,7A,Business
A21N,7C,Business
A21N,8A,Business
A21N,8C,Business
A21N,9A,Business
A21N,9C,Business
A21N,10A,Business
A21N,10C,Business
A21N,11A,Business
A21N,11C,Business
A21N,12A,Business
A21N,12C,Business
A21N,13A,Business
A21N,13C,Business
A21N,14A,Business
A21N,14C,Business
A21N,15A,Business
A21N,15C,Business
A21N,16A,Business
A21N,16C,Business
A21N,17A,Business
A21N,17C,Business
A21N,18A,Business
A21N,18C,Business
A21N,19A,Business
A21N,19C,Business
A21N,20A,Business
A21N,20C,Business
A21N,21A,Business
A21N,21C,Business
A21N,22A,Business
A21N,22C,Business
A21N,23A,Comfort
A21N,23B,Comfort
A21N,23C,Comfort
A21N,23D,Comfort
A21N,24A,Comfort
A21N,24B,Comfort
A21N,24C,Comfort
A21N,24D,Comfort
A21N,25A,Comfort
A21N,25B,Comfort
A21N,25C,Comfort
A21N,25D,Comfort
A21N,26A,Comfort
A21N,26B,Comfort
A21N,26C,Comfort
A21N,26D,Comfort
A21N,27A,Comfort
A21N,27B,Comfort
A21N,27C,Comfort
A21N,27D,Comfort
A21N,28A,Comfort
A21N,28B,Comfort
A21N,28C,Comfort
A21N,28D,Comfort
A21N,29A,Comfort
A21N,29B,Comfort
A21N,29C,Comfort
A21N,29D,Comfort
A21N,30A,Comfort
A21N,30B,Comfort
A21N,30C,Comfort
A21N,30D,Comfort
A21N,31A,Comfort
A21N,31B,Comfort
A21N,31C,Comfort
A21N,31D,Comfort
A21N,32A,Comfort
A21N,32B,Comfort
A21N,32C,Comfort
A21N,32D,Comfort
A21N,33A,Comfort
A21N,33B,Comfort
A21N,33C,Comfort
A21N,33D,Comfort
A21N,37A,Economy
A21N,37B,Economy
A21N,37C,Economy
A21N,37D,Economy
A21N,37E,Economy
A21N,37F,Economy
A21N,38A,Economy
A21N,38B,Economy
A21N,38C,Economy
A21N,38D,Economy
A21N,38E,Economy
A21N,38F,Economy
A21N,39A,Economy
A21N,39B,Economy
A21N,39C,Economy
A21N,39D,Economy
A21N,39E,Economy
A21N,39F,Economy
A21N,40A,Economy
A21N,40B,Economy
A21N,40C,Economy
A21N,40D,Economy
A21N,40E,Economy
A21N,40F,Economy
A21N,41A,Economy
A21N,41B,Economy
A21N,41C,Economy
A21N,41D,Economy
A21N,41E,Economy
A21N,41F,Economy
A21N,42A,Economy
A21N,42B,Economy
A21N,42C,Economy
A21N,42D,Economy
A21N,42E,Economy
A21N,42F,Economy
A21N,43A,Economy
A21N,43B,Economy
A21N,43C,Economy
A21N,43D,Economy
A21N,43E,Economy
A21N,43F,Economy
A21N,44A,Economy
A21N,44B,Economy
A21N,44C,Economy
A21N,44D,Economy
A21N,44E,Economy
A21N,44F,Economy
A21N,45A,Economy
A21N,45B,Economy
A21N,45C,Economy
A21N,45D,Economy
A21N,45E,Economy
A21N,45F,Economy
A21N,46A,Economy
A21N,46B,Economy
A21N,46C,Economy
A21N,46D,Economy
A21N,46E,Economy
A21N,46F,Economy
A21N,47A,Economy
A21N,47B,Economy
A21N,47C,Economy
A21N,47D,Economy
A21N,47E,Economy
A21N,47F,Economy
A21N,48A,Economy
A21N,48B,Economy
A21N,48C,Economy
A21N,48D,Economy
A21N,48E,Economy
A21N,48F,Economy
A21N,49A,Economy
A21N,49B,Economy
A21N,49C,Economy
A21N,49D,Economy
A21N,49E,Economy
A21N,49F,Economy
A21N,50A,Economy
A21N,50B,Economy
A21N,50C,Economy
A21N,50D,Economy
A21N,50E,Economy
A21N,50F,Economy
A21N,51A,Economy
A21N,51B,Economy
A21N,51C,Economy
A21N,51D,Economy
A21N,51E,Economy
A21N,51F,Economy
A21N,52A,Economy
A21N,52B,Economy
A21N,52C,Economy
A21N,52D,Economy
A21N,52E,Economy
A21N,52F,Economy
A21N,53A,Economy
A21N,53B,Economy
A21N,53C,Economy
A21N,53D,Economy
A21N,53E,Economy
A21N,53F,Economy
A21N,54A,Economy
A21N,54B,Economy
A21N,54C,Economy
A21N,54D,Economy
A21N,54E,Economy
A21N,54F,Economy
A21N,55A,Economy
A21N,55B,Economy
A21N,55C,Economy
A21N,55D,Economy
A21N,55E,Economy
A21N,55F,Economy
A21N,56A,Economy
A21N,56B,Economy
A21N,56C,Economy
A21N,56D,Economy
A21N,56E,Economy
A21N,56F,Economy
A21N,57A,Economy
A21N,57B,Economy
A21N,57C,Economy
A21N,57D,Economy
A21N,57E,Economy
A21N,57F,Economy
A21N,58A,Economy
A21N,58B,Economy
A21N,58C,Economy
A21N,58D,Economy
A21N,58E,Economy
A21N,58F,Economy
A21N,59A,Economy
A21N,59B,Economy
A21N,59C,Economy
A21N,59D,Economy
A21N,59E,Economy
A21N,59F,Economy
A21N,60A,Economy
A21N,60B,Economy
A21N,60C,Economy
A21N,60D,Economy
A21N,60E,Economy
A21N,60F,Economy
A21N,61A,Economy
A21N,61B,Economy
A21N,61C,Economy
A21N,61D,Economy
A21N,61E,Economy
A21N,61F,Economy
A21N,62A,Economy
A21N,62B,Economy
A21N,62C,Economy
A21N,62D,Economy
A21N,62E,Economy
A21N,62F,Economy
A21N,63A,Economy
A21N,63B,Economy
A21N,63C,Economy
A21N,63D,Economy
A21N,63E,Economy
A21N,63F,Economy
A21N,64A,Economy
A21N,64B,Economy
A21N,64C,Economy
A21N,64D,Economy
A21N,64E,Economy
A21N,64F,Economy
A21N,65A,Economy
A21N,65B,Economy
A21N,65C,Economy
B38M,1A,Business
B38M,1C,Business
B38M,2A,Business
B38M,2C,Business
B38M,3A,Business
B38M,3C,Business
B38M,4A,Business
B38M,4C,Business
B38M,5A,Business
B38M,5C,Business
B38M,6A,Business
B38M,6C,Business
B38M,7A,Business
B38M,7C,Business
B38M,8A,Business
B38M,8C,Business
B38M,9A,Business
B38M,9C,Business
B38M,10A,Business
B38M,10C,Business
B38M,11A,Business
B38M,11C,Business
B38M,12A,Business
B38M,12C,Business
B38M,13A,Business
B38M,13C,Business
B38M,14A,Business
B38M,14C,Business
B38M,15A,Business
B38M,15C,Business
B38M,16A,Business
B38M,16C,Business
B38M,17A,Business
B38M,17C,Business
B38M,18A,Comfort
B38M,18B,Comfort
B38M,18C,Comfort
B38M,18D,Comfort
B38M,19A,Comfort
B38M,19B,Comfort
B38M,19C,Comfort
B38M,19D,Comfort
B38M,20A,Comfort
B38M,20B,Comfort
B38M,20C,Comfort
B38M,20D,Comfort
B38M,21A,Comfort
B38M,21B,Comfort
B38M,21C,Comfort
B38M,21D,Comfort
B38M,22A,Comfort
B38M,22B,Comfort
B38M,22C,Comfort
B38M,22D,Comfort
B38M,23A,Comfort
B38M,23B,Comfort
B38M,23C,Comfort
B38M,23D,Comfort
B38M,24A,Comfort
B38M,24B,Comfort
B38M,24C,Comfort
B38M,24D,Comfort
B38M,25A,Comfort
B38M,25B,Comfort
B38M,25C,Comfort
B38M,25D,Comfort
B38M,26A,Comfort
B38M,26B,Comfort
B38M,26C,Comfort
B38M,26D,Comfort
B38M,27A,Comfort
B38M,27B,Comfort
B38M,27C,Comfort
B38M,27D,Comfort
B38M,30A,Economy
B38M,30B,Economy
B38M,30C,Economy
B38M,30D,Economy
B38M,30E,Economy
B38M,30F,Economy
B38M,31A,Economy
B38M,31B,Economy
B38M,31C,Economy
B38M,31D,Economy
B38M,31E,Economy
B38M,31F,Economy
B38M,32A,Economy
B38M,32B,Economy
B38M,32C,Economy
B38M,32D,Economy
B38M,32E,Economy
B38M,32F,Economy
B38M,33A,Economy
B38M,33B,Economy
B38M,33C,Economy
B38M,33D,Economy
B38M,33E,Economy
B38M,33F,Economy
B38M,34A,Economy
B38M,34B,Economy
B38M,34C,Economy
B38M,34D,Economy
B38M,34E,Economy
B38M,34F,Economy
B38M,35A,Economy
B38M,35B,Economy
B38M,35C,Economy
B38M,35D,Economy
B38M,35E,Economy
B38M,35F,Economy
B38M,36A,Economy
B38M,36B,Economy
B38M,36C,Economy
B38M,36D,Economy
B38M,36E,Economy
B38M,36F,Economy
B38M,37A,Economy
B38M,37B,Economy
B38M,37C,Economy
B38M,37D,Economy
B38M,37E,Economy
B38M,37F,Economy
B38M,38A,Economy
B38M,38B,Economy
B38M,38C,Economy
B38M,38D,Economy
B38M,38E,Economy
B38M,38F,Economy
B38M,39A,Economy
B38M,39B,Economy
B38M,39C,Economy
B38M,39D,Economy
B38M,39E,Economy
B38M,39F,Economy
B38M,40A,Economy
B38M,40B,Economy
B38M,40C,Economy
B38M,40D,Economy
B38M,40E,Economy
B38M,40F,Economy
B38M,41A,Economy
B38M,41B,Economy
B38M,41C,Economy
B38M,41D,Economy
B38M,41E,Economy
B38M,41F,Economy
B38M,42A,Economy
B38M,42B,Economy
B38M,42C,Economy
B38M,42D,Economy
B38M,42E,Economy
B38M,42F,Economy
B38M,43A,Economy
B38M,43B,Economy
B38M,43C,Economy
B38M,43D,Economy
B38M,43E,Economy
B38M,43F,Economy
B38M,44A,Economy
B38M,44B,Economy
B38M,44C,Economy
B38M,44D,Economy
B38M,44E,Economy
B38M,44F,Economy
B38M,45A,Economy
B38M,45B,Economy
B38M,45C,Economy
B38M,45D,Economy
B38M,45E,Economy
B38M,45F,Economy
B38M,46A,Economy
B38M,46B,Economy
B38M,46C,Economy
B38M,46D,Economy
B38M,46E,Economy
B38M,46F,Economy
B38M,47A,Economy
B38M,47B,Economy
B38M,47C,Economy
B38M,47D,Economy
B38M,47E,Economy
B38M,47F,Economy
B38M,48A,Economy
B38M,48B,Economy
B38M,48C,Economy
B38M,48D,Economy
B38M,48E,Economy
B38M,48F,Economy
B38M,49A,Economy
B38M,49B,Economy
B38M,49C,Economy
B38M,49D,Economy
B38M,49E,Economy
B38M,49F,Economy
B38M,50A,Economy
B38M,50B,Economy
B38M,50C,Economy
B38M,50D,Economy
B38M,50E,Economy
B38M,50F,Economy
B38M,51A,Economy
B38M,51B,Economy
B38M,51C,Economy
B38M,51D,Economy
B38M,51E,Economy
B38M,51F,Economy
B38M,52A,Economy
B38M,52B,Economy
B38M,52C,Economy
B38M,52D,Economy
B38M,52E,Economy
B38M,52F,Economy
B38M,53A,Economy
