flight_id,flight_no,airplane_code,departure_airport,arrival_airport,scheduled_departure,scheduled_arrival,actual_departure,actual_arrival,status
1,AI859,32N,DXB,BOM,2025-05-21 07:15:00,2025-05-21 10:03:00,,,Scheduled
2,AI704,339,SIN,LHR,2025-08-05 01:00:00,2025-08-05 03:12:00,,,Scheduled
3,AI303,A21N,CDG,DEL,2025-11-29 22:45:00,2025-11-30 02:39:00,2025-11-29 23:26:00,2025-11-30 02:29:00,Arrived
4,AI814,351,NRT,FRA,2025-08-05 10:30:00,2025-08-05 13:30:00,2025-08-05 10:41:00,2025-08-05 13:33:00,Arrived
5,AI467,339,BOM,JFK,2025-06-26 19:30:00,2025-06-27 07:00:00,2025-06-26 19:54:00,2025-06-27 07:05:00,Arrived
6,AI665,339,FRA,JFK,2025-05-31 20:30:00,2025-06-01 05:00:00,2025-05-31 20:22:00,2025-06-01 05:19:00,Arrived
7,AI975,339,NRT,HYD,2025-04-30 03:45:00,2025-04-30 08:21:00,2025-04-30 03:58:00,2025-04-30 08:31:00,Arrived
8,AI786,77W,CCU,FRA,2025-05-17 22:00:00,2025-05-18 06:54:00,,,Scheduled
9,AI573,351,SIN,MAA,2025-07-14 08:15:00,2025-07-14 18:09:00,2025-07-14 08:54:00,2025-07-14 18:06:00,Arrived
10,AI924,32N,MAA,SYD,2025-06-11 12:30:00,2025-06-11 14:24:00,2025-06-11 12:56:00,2025-06-11 14:54:00,Arrived
11,AI505,E70,MAA,DXB,2025-11-26 14:15:00,2025-11-26 18:39:00,,,Scheduled
12,AI864,789,LHR,FRA,2025-10-27 13:45:00,2025-10-27 19:27:00,,,Cancelled
13,AI193,E70,BLR,LHR,2025-01-25 03:15:00,2025-01-25 12:27:00,2025-01-25 03:32:00,2025-01-25 12:25:00,Arrived
14,AI579,B38M,JFK,FRA,2025-09-28 08:00:00,2025-09-28 17:48:00,,,Scheduled
15,AI887,789,FRA,LHR,2025-11-25 10:00:00,2025-11-25 14:48:00,,,Scheduled
16,AI612,789,DEL,SIN,2025-04-02 16:00:00,2025-04-03 04:18:00,,,Scheduled
17,AI303,B38M,DXB,LHR,2025-03-20 11:15:00,2025-03-20 19:15:00,2025-03-20 11:38:00,2025-03-20 19:05:00,Arrived
18,AI119,E70,CDG,CCU,2025-02-27 11:30:00,2025-02-27 15:36:00,,,Scheduled
19,AI849,339,CDG,BOM,2025-09-06 02:15:00,2025-09-06 04:57:00,2025-09-06 02:40:00,2025-09-06 05:08:00,Departed
20,AI533,B38M,HYD,LHR,2025-04-19 17:15:00,2025-04-20 03:33:00,,,On Time
21,AI548,7M7,DXB,FRA,2025-09-22 14:00:00,2025-09-22 18:12:00,,,Scheduled
22,AI335,A21N,DEL,CDG,2025-10-29 07:00:00,2025-10-29 08:54:00,2025-10-29 07:04:00,2025-10-29 08:52:00,Arrived
23,AI172,7M7,FRA,DEL,2025-09-21 07:30:00,2025-09-21 17:12:00,,,Scheduled
24,AI690,B38M,BLR,SIN,2025-08-31 07:45:00,2025-08-31 19:15:00,,,Scheduled
25,AI462,CR7,BOM,DXB,2025-08-05 13:45:00,2025-08-06 01:57:00,,,Scheduled
26,AI162,339,DXB,FRA,2025-07-26 23:30:00,2025-07-27 10:54:00,,,Scheduled
27,AI559,A21N,MAA,FRA,2025-03-13 13:15:00,2025-03-13 17:51:00,,,Scheduled
28,AI927,E70,FRA,BOM,2025-10-09 03:00:00,2025-10-09 12:30:00,2025-10-09 02:50:00,2025-10-09 12:31:00,Arrived
29,AI270,77W,FRA,NRT,2025-07-28 15:45:00,2025-07-28 19:33:00,,,Delayed
30,AI102,CR7,DEL,BLR,2025-07-19 08:45:00,2025-07-19 13:27:00,2025-07-19 09:21:00,2025-07-19 14:19:00,Arrived
31,AI322,789,BLR,MAA,2025-01-30 18:00:00,2025-01-31 04:42:00,,,Scheduled
32,AI973,A21N,CDG,LAX,2025-09-29 05:00:00,2025-09-29 18:30:00,,,Scheduled
33,AI169,B38M,BLR,BOM,2025-12-12 07:45:00,2025-12-12 10:21:00,2025-12-12 07:50:00,2025-12-12 10:16:00,Arrived
34,AI773,CR7,CDG,BOM,2025-10-26 18:30:00,2025-10-27 07:42:00,,,Scheduled
35,AI371,77W,SIN,CCU,2025-07-22 04:30:00,2025-07-22 11:24:00,2025-07-22 04:24:00,2025-07-22 11:15:00,Arrived
36,AI202,B38M,LAX,CDG,2025-02-07 17:15:00,2025-02-08 00:51:00,,,Scheduled
37,AI478,77W,CCU,BOM,2025-05-26 05:45:00,2025-05-26 17:33:00,2025-05-26 06:14:00,2025-05-26 18:30:00,Arrived
38,AI406,A21N,DEL,DXB,2025-12-06 03:15:00,2025-12-06 07:39:00,2025-12-06 03:52:00,2025-12-06 08:39:00,Arrived
39,AI719,789,BLR,HYD,2025-04-18 22:30:00,2025-04-19 02:06:00,2025-04-18 22:36:00,2025-04-19 03:00:00,Arrived
40,AI194,32N,LAX,HYD,2025-11-21 13:30:00,2025-11-21 15:06:00,,,On Time
41,AI265,789,BLR,DXB,2025-08-15 17:45:00,2025-08-16 02:03:00,,,Scheduled
42,AI658,351,FRA,SIN,2025-01-19 11:15:00,2025-01-19 17:51:00,,,Scheduled
43,AI466,32N,CCU,NRT,2025-04-18 21:15:00,2025-04-19 06:57:00,,,On Time
44,AI735,CR7,LHR,SYD,2025-03-21 07:15:00,2025-03-21 20:57:00,2025-03-21 07:31:00,2025-03-21 20:50:00,Arrived
45,AI901,7M7,BLR,SIN,2025-07-30 21:15:00,2025-07-31 01:45:00,2025-07-30 21:11:00,2025-07-31 02:23:00,Arrived
46,AI327,E70,SYD,DEL,2025-04-13 14:30:00,2025-04-13 19:30:00,2025-04-13 14:34:00,2025-04-13 19:48:00,Arrived
47,AI508,77W,DEL,DXB,2025-06-18 08:00:00,2025-06-18 21:36:00,,,Scheduled
48,AI795,CR7,DXB,LHR,2025-10-02 10:00:00,2025-10-02 12:30:00,,,Cancelled
49,AI139,789,BLR,CDG,2025-02-25 19:45:00,2025-02-26 01:15:00,2025-02-25 20:02:00,2025-02-26 02:10:00,Arrived
50,AI294,B38M,BOM,JFK,2025-05-11 01:45:00,2025-05-11 02:45:00,2025-05-11 02:09:00,2025-05-11 03:00:00,Arrived
51,AI780,339,CCU,JFK,2025-06-19 19:30:00,2025-06-20 05:06:00,,,Scheduled
52,AI416,A21N,FRA,HYD,2025-12-08 13:30:00,2025-12-08 19:42:00,,,Scheduled
53,AI780,CR7,BLR,MAA,2025-07-14 21:15:00,2025-07-15 06:15:00,,,On Time
54,AI411,32N,LHR,SYD,2025-05-27 06:45:00,2025-05-27 17:57:00,2025-05-27 06:55:00,2025-05-27 18:46:00,Arrived
55,AI623,77W,LAX,FRA,2025-08-31 23:15:00,2025-09-01 08:51:00,,,Scheduled
56,AI443,B38M,DXB,FRA,2025-02-17 07:30:00,2025-02-17 11:24:00,,,Scheduled
57,AI586,77W,DEL,FRA,2025-11-09 02:45:00,2025-11-09 09:09:00,2025-11-09 02:47:00,2025-11-09 09:48:00,Arrived
58,AI251,77W,LAX,JFK,2025-12-02 22:00:00,2025-12-03 10:36:00,2025-12-02 21:56:00,2025-12-03 11:20:00,Arrived
59,AI575,A21N,MAA,BLR,2025-01-26 17:15:00,2025-01-27 06:09:00,,,Scheduled
60,AI783,E70,BLR,NRT,2025-09-29 17:30:00,2025-09-30 06:54:00,2025-09-29 17:59:00,2025-09-30 07:48:00,Arrived
61,AI556,A21N,JFK,SYD,2025-03-23 23:45:00,2025-03-24 06:39:00,2025-03-24 00:28:00,2025-03-24 07:04:00,Arrived
62,AI596,A21N,NRT,FRA,2025-11-17 07:30:00,2025-11-17 14:12:00,2025-11-17 07:35:00,2025-11-17 14:36:00,Arrived
63,AI182,A21N,CCU,FRA,2025-03-12 04:15:00,2025-03-12 10:15:00,,,Scheduled
64,AI517,CR7,MAA,BOM,2025-06-19 17:45:00,2025-06-20 00:09:00,,,Scheduled
65,AI812,B38M,JFK,FRA,2025-01-11 18:45:00,2025-01-12 01:57:00,2025-01-11 18:54:00,2025-01-12 02:36:00,Arrived
66,AI651,CR7,SYD,FRA,2025-10-07 19:15:00,2025-10-08 02:33:00,,,Scheduled
67,AI444,CR7,LAX,DEL,2025-12-09 21:45:00,2025-12-10 08:09:00,2025-12-09 21:43:00,2025-12-10 09:07:00,Arrived
68,AI677,B38M,DEL,JFK,2025-12-06 00:00:00,2025-12-06 09:24:00,,,Scheduled
69,AI366,32N,LAX,BLR,2025-07-14 10:15:00,2025-07-14 17:09:00,,,On Time
70,AI870,789,FRA,JFK,2025-08-04 08:00:00,2025-08-04 15:06:00,2025-08-04 07:53:00,2025-08-04 15:40:00,Arrived
71,AI899,339,MAA,DXB,2025-11-30 01:00:00,2025-11-30 14:18:00,,,Scheduled
72,AI344,351,DEL,CDG,2025-03-06 15:00:00,2025-03-06 23:18:00,,,Scheduled
73,AI271,7M7,SIN,HYD,2025-11-07 19:00:00,2025-11-08 06:06:00,,,Scheduled
74,AI126,B38M,HYD,BOM,2025-06-09 18:45:00,2025-06-10 00:57:00,2025-06-09 18:39:00,2025-06-10 01:18:00,Arrived
75,AI970,789,BOM,SIN,2025-12-17 19:00:00,2025-12-18 06:24:00,2025-12-17 18:52:00,2025-12-18 06:58:00,Arrived
76,AI170,7M7,LHR,JFK,2025-09-17 20:30:00,2025-09-17 21:42:00,,,Delayed
77,AI470,CR7,LAX,BOM,2025-11-22 14:15:00,2025-11-22 20:57:00,2025-11-22 14:46:00,2025-11-22 21:21:00,Arrived
78,AI893,A21N,CDG,NRT,2025-09-05 14:45:00,2025-09-06 02:27:00,2025-09-05 14:55:00,2025-09-06 02:48:00,Arrived
79,AI561,789,SYD,BOM,2025-05-05 14:45:00,2025-05-05 20:09:00,2025-05-05 14:55:00,2025-05-05 20:22:00,Arrived
80,AI916,7M7,LAX,MAA,2025-05-13 10:30:00,2025-05-13 22:54:00,2025-05-13 10:37:00,2025-05-13 22:45:00,Arrived
81,AI347,339,LHR,MAA,2025-07-28 15:15:00,2025-07-29 01:15:00,2025-07-28 15:36:00,2025-07-29 02:02:00,Arrived
82,AI401,339,NRT,DEL,2025-04-24 12:15:00,2025-04-24 17:15:00,2025-04-24 12:35:00,2025-04-24 18:15:00,Arrived
83,AI863,CR7,LHR,CCU,2025-10-09 10:30:00,2025-10-09 20:36:00,,,Scheduled
84,AI838,339,HYD,MAA,2025-04-09 10:00:00,2025-04-09 20:42:00,2025-04-09 10:34:00,2025-04-09 20:55:00,Arrived
85,AI383,E70,MAA,FRA,2025-10-29 16:30:00,2025-10-30 06:12:00,2025-10-29 16:38:00,2025-10-30 06:31:00,Arrived
86,AI114,789,CCU,BLR,2025-12-29 17:15:00,2025-12-29 21:51:00,,,Cancelled
87,AI753,351,LHR,HYD,2025-09-09 03:00:00,2025-09-09 11:30:00,,,Boarding
88,AI152,351,LAX,CCU,2025-05-10 15:00:00,2025-05-11 02:42:00,,,Delayed
89,AI255,32N,BOM,CDG,2025-03-18 18:30:00,2025-03-18 20:36:00,,,Scheduled
90,AI720,CR7,LHR,NRT,2025-11-02 19:15:00,2025-11-03 06:21:00,,,On Time
91,AI980,789,FRA,LAX,2025-10-29 13:30:00,2025-10-29 21:54:00,,,Scheduled
92,AI740,77W,SIN,BOM,2025-04-19 08:00:00,2025-04-19 11:00:00,,,Scheduled
93,AI518,32N,BOM,BLR,2025-08-19 22:45:00,2025-08-20 03:33:00,,,Scheduled
94,AI172,E70,SIN,HYD,2025-12-18 07:30:00,2025-12-18 18:42:00,2025-12-18 08:02:00,2025-12-18 18:57:00,Arrived
95,AI330,A21N,JFK,BOM,2025-11-28 04:30:00,2025-11-28 16:12:00,,,Scheduled
96,AI709,789,BLR,NRT,2025-10-19 09:45:00,2025-10-19 12:21:00,2025-10-19 10:19:00,2025-10-19 13:02:00,Arrived
97,AI605,A21N,HYD,LHR,2025-08-13 02:00:00,2025-08-13 14:36:00,2025-08-13 02:28:00,2025-08-13 14:58:00,Arrived
98,AI790,77W,DEL,BOM,2025-10-22 18:00:00,2025-10-23 08:00:00,2025-10-22 18:07:00,2025-10-23 07:55:00,Arrived
99,AI581,351,NRT,FRA,2025-09-23 20:45:00,2025-09-24 09:39:00,,,Scheduled
100,AI193,E70,CDG,JFK,2025-08-29 11:45:00,2025-08-29 17:03:00,2025-08-29 12:29:00,2025-08-29 17:13:00,Arrived
101,AI395,E70,CCU,JFK,2025-12-06 12:00:00,2025-12-06 18:54:00,,,On Time
102,AI985,CR7,CCU,BOM,2025-09-21 00:45:00,2025-09-21 07:09:00,,,Scheduled
103,AI740,E70,CCU,CDG,2025-08-15 01:15:00,2025-08-15 05:45:00,,,Scheduled
104,AI224,E70,HYD,LAX,2025-01-15 20:15:00,2025-01-16 06:27:00,,,On Time
105,AI195,CR7,DEL,LHR,2025-04-26 03:45:00,2025-04-26 17:03:00,2025-04-26 03:44:00,2025-04-26 17:56:00,Arrived
106,AI621,789,FRA,SIN,2025-12-28 08:45:00,2025-12-28 20:39:00,,,Cancelled
107,AI248,A21N,MAA,LAX,2025-07-16 06:15:00,2025-07-16 18:27:00,,,Scheduled
108,AI448,CR7,NRT,SYD,2025-09-17 08:00:00,2025-09-17 12:42:00,,,Scheduled
109,AI986,E70,CDG,FRA,2025-03-18 14:45:00,2025-03-18 20:15:00,2025-03-18 15:09:00,2025-03-18 20:53:00,Arrived
110,AI814,77W,LAX,CCU,2025-05-03 18:45:00,2025-05-03 22:45:00,2025-05-03 18:37:00,2025-05-03 23:15:00,Arrived
111,AI495,CR7,SIN,LAX,2025-12-06 20:15:00,2025-12-07 03:39:00,,,Scheduled
112,AI990,7M7,LHR,CDG,2025-02-21 14:00:00,2025-02-21 21:48:00,,,Boarding
113,AI991,CR7,SIN,BLR,2025-12-02 04:00:00,2025-12-02 11:06:00,2025-12-02 04:11:00,2025-12-02 11:46:00,Arrived
114,AI972,7M7,DXB,BOM,2025-12-12 17:45:00,2025-12-13 07:09:00,2025-12-12 18:23:00,2025-12-13 08:01:00,Arrived
115,AI732,32N,SYD,LHR,2025-02-05 07:30:00,2025-02-05 21:30:00,2025-02-05 07:47:00,2025-02-05 21:32:00,Arrived
116,AI554,339,NRT,DXB,2025-03-27 22:30:00,2025-03-28 11:12:00,,,Scheduled
117,AI467,789,NRT,DEL,2025-07-11 13:15:00,2025-07-11 17:27:00,,,Delayed
118,AI274,351,DXB,NRT,2025-03-31 02:45:00,2025-03-31 11:51:00,,,Scheduled
119,AI337,351,FRA,CDG,2025-08-25 20:30:00,2025-08-26 03:30:00,2025-08-25 21:11:00,2025-08-26 04:19:00,Arrived
120,AI261,A21N,FRA,HYD,2025-02-07 14:30:00,2025-02-08 04:18:00,,,Scheduled
121,AI567,789,JFK,SIN,2025-06-04 06:45:00,2025-06-04 18:51:00,,,Scheduled
122,AI688,7M7,JFK,CDG,2025-06-01 22:30:00,2025-06-01 23:48:00,2025-06-01 22:45:00,2025-06-02 00:13:00,Arrived
123,AI720,32N,DEL,CDG,2025-09-12 09:15:00,2025-09-12 18:09:00,,,On Time
124,AI356,B38M,DXB,MAA,2025-12-14 23:15:00,2025-12-15 08:27:00,2025-12-14 23:46:00,2025-12-15 08:22:00,Arrived
125,AI134,E70,HYD,NRT,2025-10-24 11:15:00,2025-10-24 13:27:00,,,Scheduled
126,AI305,351,SIN,JFK,2025-03-09 17:30:00,2025-03-10 01:24:00,2025-03-09 18:13:00,2025-03-10 01:35:00,Arrived
127,AI925,E70,HYD,SYD,2025-06-01 23:30:00,2025-06-02 11:00:00,,,Boarding
128,AI980,77W,BOM,BLR,2025-12-13 23:45:00,2025-12-14 13:21:00,2025-12-13 23:58:00,2025-12-14 13:22:00,Arrived
129,AI370,32N,NRT,JFK,2025-10-02 03:45:00,2025-10-02 09:33:00,2025-10-02 03:51:00,2025-10-02 10:11:00,Arrived
130,AI210,7M7,SYD,DXB,2025-12-12 07:45:00,2025-12-12 09:03:00,2025-12-12 08:10:00,2025-12-12 09:34:00,Arrived
131,AI763,77W,FRA,CDG,2025-02-02 20:45:00,2025-02-03 09:33:00,,,On Time
132,AI146,351,JFK,BOM,2025-01-20 09:45:00,2025-01-20 12:15:00,,,Scheduled
133,AI564,CR7,LHR,BLR,2025-07-09 21:45:00,2025-07-10 06:21:00,2025-07-09 22:01:00,2025-07-10 06:23:00,Arrived
134,AI517,B38M,SYD,LAX,2025-05-24 01:30:00,2025-05-24 05:18:00,,,Delayed
135,AI201,7M7,MAA,SYD,2025-12-18 11:30:00,2025-12-18 13:18:00,,,Scheduled
136,AI193,E70,BOM,SYD,2025-12-06 06:00:00,2025-12-06 07:42:00,,,On Time
137,AI310,B38M,BLR,NRT,2025-02-05 17:15:00,2025-02-06 01:51:00,2025-02-05 17:19:00,2025-02-06 02:23:00,Arrived
138,AI102,B38M,NRT,BLR,2025-05-22 04:15:00,2025-05-22 12:15:00,2025-05-22 04:12:00,2025-05-22 12:08:00,Arrived
139,AI908,7M7,BLR,DEL,2025-05-02 18:30:00,2025-05-02 19:42:00,,,Scheduled
140,AI638,CR7,BLR,SIN,2025-02-28 23:00:00,2025-03-01 06:12:00,2025-02-28 23:22:00,2025-03-01 06:15:00,Arrived
141,AI729,77W,LAX,LHR,2025-01-23 23:30:00,2025-01-24 06:30:00,2025-01-23 23:23:00,2025-01-24 07:21:00,Arrived
142,AI802,CR7,SYD,JFK,2025-02-25 15:45:00,2025-02-25 17:45:00,,,Scheduled
143,AI229,339,CDG,BLR,2025-05-21 19:30:00,2025-05-22 01:30:00,2025-05-21 19:38:00,2025-05-22 02:18:00,Arrived
144,AI201,CR7,LHR,CDG,2025-12-26 03:15:00,2025-12-26 09:51:00,2025-12-26 03:31:00,2025-12-26 10:24:00,Arrived
145,AI525,CR7,SYD,LAX,2025-02-18 10:45:00,2025-02-18 15:51:00,,,Scheduled
146,AI168,E70,BLR,DXB,2025-02-16 02:00:00,2025-02-16 08:36:00,2025-02-16 02:13:00,2025-02-16 08:42:00,Arrived
147,AI675,B38M,LHR,DEL,2025-10-15 10:00:00,2025-10-15 16:18:00,2025-10-15 10:38:00,2025-10-15 17:02:00,Arrived
148,AI394,32N,SYD,SIN,2025-11-04 09:30:00,2025-11-04 11:48:00,2025-11-04 09:29:00,2025-11-04 12:39:00,Arrived
149,AI458,339,MAA,SYD,2025-10-12 11:00:00,2025-10-12 21:54:00,2025-10-12 11:41:00,2025-10-12 22:38:00,Arrived
150,AI728,B38M,SYD,LHR,2025-12-12 20:00:00,2025-12-13 04:54:00,2025-12-12 20:34:00,2025-12-13 05:18:00,Arrived
151,AI819,789,DEL,BLR,2025-06-08 10:30:00,2025-06-08 11:36:00,2025-06-08 10:56:00,2025-06-08 12:17:00,Arrived
152,AI193,32N,BOM,BLR,2025-09-29 06:45:00,2025-09-29 13:15:00,,,On Time
153,AI895,7M7,CCU,HYD,2025-10-18 19:00:00,2025-10-19 07:30:00,,,Scheduled
154,AI790,32N,NRT,CDG,2025-02-11 08:45:00,2025-02-11 18:21:00,2025-02-11 09:03:00,2025-02-11 19:04:00,Departed
155,AI216,A21N,HYD,MAA,2025-06-26 13:00:00,2025-06-26 17:42:00,2025-06-26 13:21:00,2025-06-26 18:39:00,Arrived
156,AI325,32N,DXB,HYD,2025-07-22 19:00:00,2025-07-22 20:06:00,,,On Time
157,AI882,351,MAA,NRT,2025-05-11 09:30:00,2025-05-11 12:06:00,2025-05-11 09:47:00,2025-05-11 12:18:00,Arrived
158,AI820,A21N,BLR,JFK,2025-04-28 16:30:00,2025-04-28 18:24:00,2025-04-28 16:22:00,2025-04-28 19:09:00,Arrived
159,AI982,339,DEL,LAX,2025-06-10 18:45:00,2025-06-11 03:15:00,2025-06-10 19:01:00,2025-06-11 03:42:00,Arrived
160,AI432,32N,BOM,JFK,2025-03-29 19:45:00,2025-03-30 07:33:00,2025-03-29 19:40:00,2025-03-30 08:18:00,Arrived
161,AI546,77W,SYD,BOM,2025-10-29 12:00:00,2025-10-29 18:06:00,,,On Time
162,AI897,7M7,CCU,MAA,2025-03-28 02:00:00,2025-03-28 09:54:00,,,Scheduled
163,AI844,7M7,NRT,CCU,2025-11-27 04:15:00,2025-11-27 06:33:00,,,Scheduled
164,AI878,351,BLR,CDG,2025-12-02 02:15:00,2025-12-02 15:39:00,2025-12-02 02:34:00,2025-12-02 16:26:00,Arrived
165,AI430,B38M,DXB,CDG,2025-11-18 10:15:00,2025-11-18 16:57:00,,,Boarding
166,AI705,789,DXB,HYD,2025-01-29 11:00:00,2025-01-29 16:00:00,,,Boarding
167,AI178,789,DEL,CCU,2025-11-27 02:45:00,2025-11-27 09:45:00,2025-11-27 03:25:00,2025-11-27 09:40:00,Arrived
168,AI767,B38M,LAX,NRT,2025-04-07 10:45:00,2025-04-07 18:15:00,2025-04-07 11:03:00,2025-04-07 18:18:00,Arrived
169,AI831,7M7,NRT,SYD,2025-02-13 16:15:00,2025-02-13 17:45:00,2025-02-13 16:33:00,2025-02-13 18:42:00,Arrived
170,AI472,351,LHR,CDG,2025-07-10 09:45:00,2025-07-10 16:03:00,,,On Time
171,AI167,7M7,CDG,DEL,2025-06-18 03:45:00,2025-06-18 08:27:00,2025-06-18 04:17:00,2025-06-18 08:36:00,Arrived
172,AI779,B38M,CCU,BOM,2025-03-14 11:30:00,2025-03-15 01:06:00,2025-03-14 11:45:00,2025-03-15 01:12:00,Arrived
173,AI417,339,CDG,SIN,2025-10-14 12:30:00,2025-10-15 00:06:00,2025-10-14 13:13:00,2025-10-15 01:03:00,Arrived
174,AI620,CR7,BOM,DXB,2025-07-05 00:30:00,2025-07-05 05:30:00,2025-07-05 00:41:00,2025-07-05 06:22:00,Arrived
175,AI258,351,MAA,FRA,2025-02-09 09:00:00,2025-02-09 16:36:00,2025-02-09 09:37:00,2025-02-09 17:33:00,Arrived
176,AI997,7M7,DEL,DXB,2025-11-13 04:45:00,2025-11-13 07:45:00,,,Scheduled
177,AI928,B38M,SIN,NRT,2025-03-26 23:45:00,2025-03-27 01:21:00,,,On Time
178,AI725,E70,SIN,MAA,2025-05-26 23:45:00,2025-05-27 03:45:00,,,Scheduled
179,AI955,E70,NRT,FRA,2025-04-10 11:45:00,2025-04-10 18:45:00,,,Scheduled
180,AI528,A21N,JFK,LHR,2025-03-24 06:15:00,2025-03-24 18:33:00,,,Scheduled
181,AI667,7M7,LAX,SYD,2025-02-22 22:00:00,2025-02-23 02:42:00,2025-02-22 22:07:00,2025-02-23 03:29:00,Arrived
182,AI950,351,FRA,LHR,2025-08-12 02:15:00,2025-08-12 13:51:00,2025-08-12 02:06:00,2025-08-12 14:34:00,Arrived
183,AI482,A21N,DEL,JFK,2025-05-01 12:00:00,2025-05-01 17:54:00,,,Scheduled
184,AI910,7M7,FRA,BOM,2025-03-16 04:00:00,2025-03-16 08:42:00,2025-03-16 04:34:00,2025-03-16 08:49:00,Arrived
185,AI559,E70,NRT,SIN,2025-11-12 00:00:00,2025-11-12 01:12:00,,,Scheduled
186,AI640,B38M,BLR,LHR,2025-08-05 03:30:00,2025-08-05 07:36:00,,,Scheduled
187,AI568,B38M,MAA,JFK,2025-02-02 03:45:00,2025-02-02 12:33:00,,,Scheduled
188,AI835,77W,LHR,CDG,2025-03-15 09:45:00,2025-03-15 10:45:00,,,On Time
189,AI780,351,CDG,JFK,2025-12-09 02:30:00,2025-12-09 04:24:00,2025-12-09 02:52:00,2025-12-09 05:18:00,Arrived
190,AI994,CR7,LHR,DEL,2025-08-29 01:45:00,2025-08-29 15:33:00,,,Scheduled
191,AI453,339,DEL,CCU,2025-05-04 23:00:00,2025-05-05 10:00:00,2025-05-04 23:11:00,2025-05-05 10:07:00,Arrived
192,AI446,A21N,DEL,CCU,2025-11-26 05:45:00,2025-11-26 19:33:00,2025-11-26 05:46:00,2025-11-26 19:40:00,Departed
193,AI137,E70,BOM,SIN,2025-05-31 06:00:00,2025-05-31 17:18:00,2025-05-31 06:10:00,2025-05-31 17:47:00,Arrived
194,AI584,A21N,LHR,JFK,2025-05-10 01:15:00,2025-05-10 05:57:00,2025-05-10 01:08:00,2025-05-10 06:29:00,Arrived
195,AI547,7M7,HYD,BOM,2025-07-24 23:45:00,2025-07-25 12:21:00,,,On Time
196,AI476,E70,BLR,LAX,2025-09-23 08:00:00,2025-09-23 18:30:00,,,Scheduled
197,AI658,351,CDG,SYD,2025-05-31 10:00:00,2025-05-31 12:00:00,2025-05-31 10:09:00,2025-05-31 12:47:00,Arrived
198,AI270,CR7,CDG,SIN,2025-12-20 14:30:00,2025-12-20 21:18:00,2025-12-20 14:42:00,2025-12-20 22:03:00,Arrived
199,AI176,32N,HYD,DXB,2025-12-10 20:45:00,2025-12-11 02:27:00,2025-12-10 21:18:00,2025-12-11 02:37:00,Arrived
200,AI794,B38M,DEL,BLR,2025-08-13 01:15:00,2025-08-13 03:09:00,2025-08-13 01:28:00,2025-08-13 03:45:00,Arrived
201,AI719,32N,JFK,CDG,2025-03-20 21:45:00,2025-03-21 11:03:00,,,On Time
202,AI240,B38M,NRT,BOM,2025-09-29 11:45:00,2025-09-29 16:51:00,,,Scheduled
203,AI611,351,BOM,DEL,2025-09-23 12:00:00,2025-09-23 16:24:00,,,Scheduled
204,AI392,B38M,LAX,MAA,2025-12-22 15:15:00,2025-12-22 17:51:00,2025-12-22 15:33:00,2025-12-22 18:03:00,Arrived
205,AI189,E70,FRA,SIN,2025-12-16 10:30:00,2025-12-16 20:42:00,2025-12-16 10:38:00,2025-12-16 21:10:00,Arrived
206,AI912,351,SYD,BLR,2025-07-05 16:15:00,2025-07-05 18:51:00,,,Scheduled
207,AI126,E70,BLR,MAA,2025-07-04 17:30:00,2025-07-05 00:36:00,,,Cancelled
208,AI167,339,BLR,CDG,2025-06-08 12:45:00,2025-06-08 20:33:00,2025-06-08 13:27:00,2025-06-08 20:32:00,Arrived
209,AI560,339,BLR,CCU,2025-08-27 21:30:00,2025-08-28 00:12:00,2025-08-27 21:55:00,2025-08-28 00:25:00,Arrived
210,AI614,CR7,NRT,BLR,2025-01-29 03:15:00,2025-01-29 08:15:00,,,Scheduled
211,AI454,77W,FRA,SIN,2025-09-23 09:00:00,2025-09-23 13:18:00,2025-09-23 09:25:00,2025-09-23 13:43:00,Arrived
212,AI729,789,BLR,DXB,2025-10-01 02:15:00,2025-10-01 10:57:00,2025-10-01 02:15:00,2025-10-01 11:30:00,Arrived
213,AI945,32N,SYD,CDG,2025-01-15 02:00:00,2025-01-15 15:18:00,2025-01-15 02:06:00,2025-01-15 15:34:00,Arrived
214,AI732,CR7,NRT,CDG,2025-11-24 00:45:00,2025-11-24 13:21:00,2025-11-24 01:16:00,2025-11-24 13:49:00,Arrived
215,AI404,CR7,LAX,MAA,2025-08-21 02:00:00,2025-08-21 05:06:00,,,Delayed
216,AI721,7M7,LAX,MAA,2025-03-15 10:30:00,2025-03-15 21:00:00,2025-03-15 10:45:00,2025-03-15 21:06:00,Arrived
217,AI675,A21N,NRT,CCU,2025-02-24 10:15:00,2025-02-24 17:21:00,,,Scheduled
218,AI151,339,MAA,BLR,2025-05-29 12:45:00,2025-05-29 16:57:00,2025-05-29 12:45:00,2025-05-29 17:28:00,Arrived
219,AI294,7M7,FRA,CDG,2025-03-23 15:45:00,2025-03-23 23:15:00,,,On Time
220,AI617,CR7,DEL,BOM,2025-08-23 07:15:00,2025-08-23 15:51:00,,,Scheduled
221,AI963,B38M,HYD,LAX,2025-12-01 21:45:00,2025-12-02 02:27:00,,,Scheduled
222,AI370,351,BOM,JFK,2025-07-07 12:30:00,2025-07-07 14:06:00,,,Scheduled
223,AI666,7M7,LHR,MAA,2025-05-28 02:45:00,2025-05-28 10:21:00,2025-05-28 02:52:00,2025-05-28 10:26:00,Arrived
224,AI482,CR7,BLR,BOM,2025-06-23 17:30:00,2025-06-24 04:18:00,,,Scheduled
225,AI141,A21N,LHR,JFK,2025-01-24 01:15:00,2025-01-24 11:33:00,2025-01-24 01:38:00,2025-01-24 12:21:00,Arrived
226,AI243,A21N,BLR,CDG,2025-06-17 19:30:00,2025-06-17 22:36:00,,,Cancelled
227,AI707,789,SIN,SYD,2025-06-22 16:45:00,2025-06-23 02:57:00,,,Scheduled
228,AI439,7M7,SYD,DEL,2025-12-11 03:45:00,2025-12-11 12:21:00,2025-12-11 04:21:00,2025-12-11 12:14:00,Arrived
229,AI771,789,CDG,LAX,2025-10-24 18:15:00,2025-10-25 04:39:00,2025-10-24 18:15:00,2025-10-25 05:36:00,Arrived
230,AI893,B38M,DXB,SIN,2025-07-14 04:15:00,2025-07-14 05:39:00,2025-07-14 04:12:00,2025-07-14 05:53:00,Arrived
231,AI528,7M7,DEL,LAX,2025-03-19 13:15:00,2025-03-19 19:33:00,2025-03-19 13:35:00,2025-03-19 19:30:00,Arrived
232,AI312,A21N,SIN,BLR,2025-10-15 10:45:00,2025-10-15 18:33:00,,,On Time
233,AI450,A21N,BLR,LAX,2025-10-07 11:30:00,2025-10-07 20:24:00,,,Scheduled
234,AI405,A21N,MAA,HYD,2025-04-26 09:30:00,2025-04-26 19:42:00,2025-04-26 09:51:00,2025-04-26 20:12:00,Arrived
235,AI914,A21N,LAX,CCU,2025-05-21 09:00:00,2025-05-21 17:30:00,2025-05-21 09:15:00,2025-05-21 18:04:00,Arrived
236,AI397,351,NRT,FRA,2025-01-22 09:00:00,2025-01-22 14:30:00,,,Delayed
237,AI319,E70,HYD,SIN,2025-04-14 17:30:00,2025-04-15 06:36:00,2025-04-14 17:28:00,2025-04-15 06:39:00,Arrived
238,AI345,B38M,CDG,SIN,2025-05-05 01:15:00,2025-05-05 10:33:00,,,Scheduled
239,AI202,E70,JFK,CCU,2025-12-15 04:00:00,2025-12-15 17:30:00,,,Cancelled
240,AI588,E70,BLR,JFK,2025-11-30 06:30:00,2025-11-30 11:42:00,2025-11-30 07:09:00,2025-11-30 11:43:00,Arrived
241,AI647,77W,DXB,CDG,2025-01-20 05:45:00,2025-01-20 18:15:00,,,Scheduled
242,AI906,CR7,FRA,DEL,2025-09-11 05:30:00,2025-09-11 17:54:00,,,Scheduled
243,AI443,339,CDG,FRA,2025-05-26 14:45:00,2025-05-27 03:21:00,,,Scheduled
244,AI297,789,LHR,LAX,2025-02-27 10:15:00,2025-02-27 20:45:00,2025-02-27 10:50:00,2025-02-27 20:58:00,Arrived
245,AI909,7M7,DEL,SIN,2025-06-01 18:15:00,2025-06-01 21:33:00,2025-06-01 18:30:00,2025-06-01 22:17:00,Arrived
246,AI510,339,LHR,CCU,2025-12-09 03:15:00,2025-12-09 17:03:00,2025-12-09 03:20:00,2025-12-09 16:53:00,Departed
247,AI557,77W,HYD,JFK,2025-05-17 10:30:00,2025-05-17 19:06:00,2025-05-17 10:36:00,2025-05-17 19:42:00,Arrived
248,AI783,32N,SIN,MAA,2025-03-02 14:30:00,2025-03-02 17:36:00,2025-03-02 15:05:00,2025-03-02 18:05:00,Arrived
249,AI476,789,SIN,BOM,2025-11-11 07:15:00,2025-11-11 20:39:00,2025-11-11 07:34:00,2025-11-11 21:16:00,Departed
250,AI582,A21N,JFK,SIN,2025-10-03 21:15:00,2025-10-04 08:09:00,2025-10-03 21:43:00,2025-10-04 08:09:00,Arrived
251,AI820,A21N,LHR,LAX,2025-07-05 02:00:00,2025-07-05 03:48:00,2025-07-05 02:22:00,2025-07-05 04:03:00,Arrived
252,AI268,351,CDG,LHR,2025-06-17 16:45:00,2025-06-17 19:15:00,,,Scheduled
253,AI622,339,CDG,LAX,2025-08-17 01:45:00,2025-08-17 04:27:00,,,Delayed
254,AI573,A21N,CDG,DEL,2025-12-11 09:00:00,2025-12-11 15:06:00,2025-12-11 09:37:00,2025-12-11 15:23:00,Arrived
255,AI533,32N,CDG,BOM,2025-06-26 22:00:00,2025-06-27 06:00:00,,,Scheduled
256,AI132,E70,FRA,BOM,2025-05-27 13:15:00,2025-05-28 00:15:00,2025-05-27 13:51:00,2025-05-28 00:58:00,Arrived
257,AI990,E70,CCU,JFK,2025-07-13 12:00:00,2025-07-13 21:54:00,2025-07-13 12:24:00,2025-07-13 22:01:00,Arrived
258,AI221,7M7,DXB,SYD,2025-04-02 17:45:00,2025-04-03 01:39:00,2025-04-02 17:49:00,2025-04-03 01:29:00,Arrived
259,AI574,789,NRT,DEL,2025-12-11 23:45:00,2025-12-12 07:39:00,2025-12-11 23:50:00,2025-12-12 08:27:00,Arrived
260,AI293,789,CCU,BLR,2025-02-27 01:45:00,2025-02-27 10:45:00,2025-02-27 01:36:00,2025-02-27 11:05:00,Arrived
261,AI708,339,MAA,BOM,2025-01-18 14:00:00,2025-01-18 18:12:00,,,Scheduled
262,AI322,A21N,LAX,MAA,2025-01-29 04:30:00,2025-01-29 08:30:00,2025-01-29 04:56:00,2025-01-29 09:00:00,Arrived
263,AI342,7M7,CDG,FRA,2025-06-04 04:15:00,2025-06-04 10:39:00,,,Scheduled
264,AI741,351,LHR,CDG,2025-12-14 13:45:00,2025-12-14 15:21:00,,,On Time
265,AI904,CR7,DXB,FRA,2025-09-26 10:45:00,2025-09-26 17:03:00,,,Scheduled
266,AI584,A21N,BLR,NRT,2025-05-04 07:30:00,2025-05-04 19:36:00,,,Scheduled
267,AI522,A21N,LAX,DEL,2025-08-02 17:15:00,2025-08-02 23:15:00,,,Scheduled
268,AI560,339,CCU,DXB,2025-07-09 02:15:00,2025-07-09 03:57:00,,,On Time
269,AI994,32N,CDG,FRA,2025-02-07 06:15:00,2025-02-07 13:27:00,2025-02-07 06:26:00,2025-02-07 13:55:00,Arrived
270,AI294,77W,FRA,DEL,2025-03-02 23:45:00,2025-03-03 12:39:00,2025-03-03 00:20:00,2025-03-03 12:55:00,Arrived
271,AI429,A21N,JFK,MAA,2025-05-25 12:45:00,2025-05-25 20:39:00,,,On Time
272,AI609,A21N,HYD,CCU,2025-08-27 03:45:00,2025-08-27 14:39:00,,,On Time
273,AI523,7M7,MAA,CCU,2025-01-24 18:15:00,2025-01-25 04:51:00,,,Scheduled
274,AI837,B38M,LHR,CDG,2025-08-02 09:15:00,2025-08-02 12:51:00,,,Scheduled
275,AI611,77W,CDG,SYD,2025-10-09 20:30:00,2025-10-10 00:48:00,2025-10-09 21:06:00,2025-10-10 01:40:00,Arrived
276,AI273,7M7,LAX,BLR,2025-03-13 23:45:00,2025-03-14 03:09:00,2025-03-14 00:16:00,2025-03-14 03:06:00,Arrived
277,AI937,339,LHR,DEL,2025-12-09 01:00:00,2025-12-09 07:24:00,2025-12-09 01:04:00,2025-12-09 07:22:00,Arrived
278,AI323,32N,SIN,BLR,2025-09-16 14:30:00,2025-09-16 16:18:00,2025-09-16 14:59:00,2025-09-16 17:09:00,Arrived
279,AI106,32N,DXB,LAX,2025-09-30 17:45:00,2025-09-30 18:57:00,2025-09-30 17:52:00,2025-09-30 19:55:00,Arrived
280,AI932,A21N,HYD,DEL,2025-12-24 21:45:00,2025-12-25 09:15:00,2025-12-24 21:41:00,2025-12-25 09:17:00,Arrived
281,AI296,77W,LHR,BLR,2025-11-14 16:30:00,2025-11-15 04:06:00,,,Scheduled
282,AI515,7M7,JFK,BOM,2025-08-24 18:15:00,2025-08-25 08:09:00,,,Scheduled
283,AI769,339,DXB,SYD,2025-11-29 01:00:00,2025-11-29 07:18:00,,,On Time
284,AI819,32N,LAX,DEL,2025-03-29 02:45:00,2025-03-29 14:45:00,2025-03-29 02:56:00,2025-03-29 14:47:00,Arrived
285,AI335,32N,FRA,LHR,2025-04-19 22:45:00,2025-04-20 03:15:00,2025-04-19 23:18:00,2025-04-20 03:40:00,Arrived
286,AI773,B38M,FRA,LHR,2025-01-17 05:30:00,2025-01-17 06:42:00,,,Scheduled
287,AI178,CR7,BLR,NRT,2025-06-03 05:15:00,2025-06-03 13:39:00,2025-06-03 05:48:00,2025-06-03 14:38:00,Arrived
288,AI909,351,CCU,JFK,2025-12-19 23:00:00,2025-12-20 06:30:00,,,Cancelled
289,AI337,CR7,DEL,BOM,2025-02-08 10:45:00,2025-02-09 00:21:00,,,On Time
290,AI602,E70,DXB,HYD,2025-04-27 11:45:00,2025-04-27 18:21:00,2025-04-27 12:17:00,2025-04-27 18:59:00,Arrived
291,AI402,B38M,BOM,NRT,2025-05-07 22:00:00,2025-05-08 00:06:00,,,Scheduled
292,AI857,351,SIN,NRT,2025-07-19 10:30:00,2025-07-19 12:54:00,,,Scheduled
293,AI879,7M7,HYD,LAX,2025-05-19 03:15:00,2025-05-19 05:21:00,,,Delayed
294,AI517,A21N,LHR,FRA,2025-02-22 00:00:00,2025-02-22 05:36:00,,,Scheduled
295,AI984,7M7,CDG,NRT,2025-07-17 00:30:00,2025-07-17 06:54:00,2025-07-17 01:06:00,2025-07-17 07:15:00,Arrived
296,AI801,351,CDG,LHR,2025-07-14 05:15:00,2025-07-14 09:45:00,,,Scheduled
297,AI545,351,BLR,BOM,2025-05-22 13:30:00,2025-05-22 20:48:00,,,Scheduled
298,AI708,E70,HYD,MAA,2025-11-12 06:45:00,2025-11-12 09:09:00,,,On Time
299,AI489,B38M,JFK,CCU,2025-06-18 14:30:00,2025-06-18 21:06:00,2025-06-18 15:01:00,2025-06-18 21:13:00,Arrived
300,AI811,B38M,HYD,CCU,2025-04-13 15:30:00,2025-04-13 18:48:00,,,On Time
301,AI689,E70,CCU,HYD,2025-05-05 10:45:00,2025-05-05 15:21:00,2025-05-05 10:58:00,2025-05-05 15:25:00,Arrived
302,AI706,77W,FRA,CDG,2025-10-07 05:00:00,2025-10-07 18:24:00,,,Boarding
303,AI916,E70,SIN,MAA,2025-05-30 22:00:00,2025-05-31 09:36:00,2025-05-30 22:16:00,2025-05-31 10:29:00,Arrived
304,AI347,789,BLR,DXB,2025-05-10 21:15:00,2025-05-11 07:33:00,2025-05-10 21:09:00,2025-05-11 08:20:00,Arrived
305,AI510,B38M,CDG,LAX,2025-10-01 16:45:00,2025-10-02 00:51:00,2025-10-01 16:58:00,2025-10-02 01:49:00,Arrived
306,AI211,339,CDG,DXB,2025-05-08 21:30:00,2025-05-09 00:42:00,2025-05-08 21:56:00,2025-05-09 01:23:00,Arrived
307,AI208,CR7,NRT,CCU,2025-01-06 03:30:00,2025-01-06 07:24:00,2025-01-06 03:55:00,2025-01-06 07:42:00,Arrived
308,AI574,CR7,LAX,CCU,2025-12-14 18:15:00,2025-12-14 23:45:00,,,Scheduled
309,AI187,CR7,BOM,HYD,2025-03-01 23:15:00,2025-03-02 04:45:00,,,On Time
310,AI594,A21N,NRT,MAA,2025-06-28 15:00:00,2025-06-28 21:42:00,2025-06-28 15:10:00,2025-06-28 21:40:00,Arrived
311,AI123,339,HYD,DEL,2025-06-25 20:00:00,2025-06-26 05:48:00,,,Scheduled
312,AI278,A21N,SIN,MAA,2025-10-10 05:30:00,2025-10-10 13:48:00,2025-10-10 05:34:00,2025-10-10 14:29:00,Arrived
313,AI755,351,DXB,BLR,2025-12-03 13:45:00,2025-12-03 15:09:00,2025-12-03 13:47:00,2025-12-03 15:56:00,Arrived
314,AI104,CR7,CDG,JFK,2025-12-27 06:15:00,2025-12-27 10:51:00,2025-12-27 06:55:00,2025-12-27 10:49:00,Arrived
315,AI291,A21N,CDG,BOM,2025-07-07 10:15:00,2025-07-07 17:09:00,,,Scheduled
316,AI754,A21N,SYD,LAX,2025-06-10 19:45:00,2025-06-11 04:39:00,2025-06-10 19:57:00,2025-06-11 05:14:00,Arrived
317,AI276,B38M,SYD,LAX,2025-12-11 22:30:00,2025-12-12 11:24:00,2025-12-11 23:03:00,2025-12-12 11:31:00,Arrived
318,AI412,77W,CCU,BOM,2025-03-01 05:30:00,2025-03-01 15:30:00,2025-03-01 05:46:00,2025-03-01 15:37:00,Arrived
319,AI290,CR7,CDG,JFK,2025-09-07 20:15:00,2025-09-08 04:27:00,2025-09-07 20:13:00,2025-09-08 04:40:00,Departed
320,AI734,E70,CCU,SYD,2025-01-28 11:00:00,2025-01-28 18:18:00,,,Scheduled
321,AI768,A21N,JFK,LHR,2025-09-11 13:45:00,2025-09-11 20:09:00,2025-09-11 14:06:00,2025-09-11 20:20:00,Arrived
322,AI914,32N,BOM,CDG,2025-04-23 09:00:00,2025-04-23 13:36:00,2025-04-23 09:00:00,2025-04-23 14:24:00,Arrived
323,AI662,E70,CDG,SIN,2025-09-19 03:00:00,2025-09-19 07:30:00,2025-09-19 03:13:00,2025-09-19 08:29:00,Arrived
324,AI878,32N,SYD,NRT,2025-08-14 17:15:00,2025-08-15 07:09:00,,,Scheduled
325,AI404,77W,SYD,DXB,2025-01-17 14:30:00,2025-01-17 20:00:00,2025-01-17 14:48:00,2025-01-17 20:05:00,Arrived
326,AI314,77W,NRT,FRA,2025-10-29 22:30:00,2025-10-30 10:42:00,2025-10-29 22:47:00,2025-10-30 10:53:00,Arrived
327,AI933,77W,CDG,BLR,2025-04-16 01:30:00,2025-04-16 09:24:00,2025-04-16 01:30:00,2025-04-16 09:55:00,Arrived
328,AI686,789,SIN,HYD,2025-05-17 16:00:00,2025-05-17 18:48:00,2025-05-17 16:16:00,2025-05-17 18:45:00,Arrived
329,AI818,351,HYD,SYD,2025-03-09 07:15:00,2025-03-09 17:27:00,2025-03-09 07:53:00,2025-03-09 18:07:00,Arrived
330,AI747,B38M,LAX,BLR,2025-05-18 20:45:00,2025-05-19 02:39:00,,,Scheduled
331,AI512,339,NRT,FRA,2025-09-21 23:30:00,2025-09-22 09:30:00,2025-09-21 23:49:00,2025-09-22 10:22:00,Arrived
332,AI989,32N,CCU,CDG,2025-02-17 23:45:00,2025-02-18 09:03:00,2025-02-18 00:29:00,2025-02-18 09:01:00,Arrived
333,AI323,CR7,NRT,LHR,2025-08-08 06:45:00,2025-08-08 11:15:00,2025-08-08 06:56:00,2025-08-08 12:15:00,Arrived
334,AI972,B38M,CDG,BLR,2025-09-06 10:00:00,2025-09-06 11:36:00,2025-09-06 10:43:00,2025-09-06 12:24:00,Arrived
335,AI551,351,DEL,BOM,2025-08-22 00:45:00,2025-08-22 04:21:00,2025-08-22 00:43:00,2025-08-22 04:49:00,Arrived
336,AI195,789,BLR,SYD,2025-12-02 11:30:00,2025-12-02 13:36:00,2025-12-02 12:01:00,2025-12-02 13:47:00,Arrived
337,AI843,789,DEL,JFK,2025-12-25 07:45:00,2025-12-25 17:15:00,2025-12-25 07:35:00,2025-12-25 17:32:00,Arrived
338,AI707,351,LAX,BOM,2025-04-26 16:45:00,2025-04-26 17:51:00,2025-04-26 17:27:00,2025-04-26 17:56:00,Arrived
339,AI589,351,SYD,JFK,2025-02-06 07:45:00,2025-02-06 09:57:00,2025-02-06 07:41:00,2025-02-06 10:27:00,Arrived
340,AI491,351,CCU,HYD,2025-03-10 20:15:00,2025-03-10 22:09:00,2025-03-10 20:44:00,2025-03-10 22:20:00,Arrived
341,AI743,77W,LAX,CCU,2025-03-19 13:45:00,2025-03-20 01:57:00,,,Scheduled
342,AI703,339,BOM,BLR,2025-07-16 11:45:00,2025-07-16 16:51:00,,,Scheduled
343,AI354,339,HYD,DXB,2025-10-11 19:30:00,2025-10-12 06:36:00,2025-10-11 20:14:00,2025-10-12 07:04:00,Arrived
344,AI621,B38M,MAA,LHR,2025-04-07 23:45:00,2025-04-08 04:33:00,,,Scheduled
345,AI606,77W,FRA,NRT,2025-07-17 03:15:00,2025-07-17 10:45:00,2025-07-17 03:38:00,2025-07-17 10:36:00,Arrived
346,AI496,351,CCU,FRA,2025-10-19 13:30:00,2025-10-19 21:36:00,,,Scheduled
347,AI117,339,LAX,NRT,2025-10-28 02:00:00,2025-10-28 06:24:00,,,Scheduled
348,AI618,CR7,DEL,NRT,2025-05-27 20:45:00,2025-05-28 03:15:00,,,Delayed
349,AI730,A21N,DXB,LHR,2025-03-20 08:00:00,2025-03-20 13:00:00,2025-03-20 08:03:00,2025-03-20 13:09:00,Arrived
350,AI700,CR7,LHR,CCU,2025-11-21 20:00:00,2025-11-22 01:00:00,,,Delayed
351,AI350,32N,SYD,MAA,2025-02-14 13:00:00,2025-02-14 19:54:00,2025-02-14 13:09:00,2025-02-14 20:06:00,Arrived
352,AI818,351,BOM,DEL,2025-01-06 05:45:00,2025-01-06 19:09:00,2025-01-06 06:25:00,2025-01-06 19:32:00,Arrived
353,AI867,351,BLR,CCU,2025-05-18 23:00:00,2025-05-19 10:00:00,,,Scheduled
354,AI636,789,NRT,JFK,2025-02-02 08:00:00,2025-02-02 15:24:00,2025-02-02 07:53:00,2025-02-02 16:17:00,Arrived
355,AI476,351,SYD,CDG,2025-03-22 08:00:00,2025-03-22 20:36:00,2025-03-22 07:57:00,2025-03-22 20:55:00,Arrived
356,AI145,32N,SIN,LHR,2025-01-07 07:00:00,2025-01-07 14:06:00,,,On Time
357,AI666,32N,BLR,FRA,2025-12-02 13:15:00,2025-12-02 18:27:00,,,Delayed
358,AI945,789,SIN,CCU,2025-02-09 18:30:00,2025-02-09 21:06:00,2025-02-09 18:23:00,2025-02-09 21:18:00,Arrived
359,AI147,A21N,MAA,NRT,2025-07-25 02:45:00,2025-07-25 15:03:00,2025-07-25 02:54:00,2025-07-25 15:34:00,Arrived
360,AI108,E70,BOM,LHR,2025-07-08 06:30:00,2025-07-08 14:48:00,,,On Time
361,AI477,E70,CDG,MAA,2025-10-30 15:15:00,2025-10-31 01:45:00,2025-10-30 15:55:00,2025-10-31 02:06:00,Arrived
362,AI124,CR7,BLR,DEL,2025-04-30 17:30:00,2025-05-01 02:48:00,2025-04-30 17:20:00,2025-05-01 03:20:00,Arrived
363,AI969,CR7,DEL,NRT,2025-06-07 03:15:00,2025-06-07 11:09:00,,,Scheduled
364,AI828,351,LAX,DEL,2025-05-24 02:00:00,2025-05-24 15:00:00,2025-05-24 02:23:00,2025-05-24 15:42:00,Arrived
365,AI865,E70,SIN,CCU,2025-02-13 18:00:00,2025-02-14 01:36:00,2025-02-13 18:15:00,2025-02-14 01:35:00,Arrived
366,AI545,32N,CDG,FRA,2025-12-06 04:15:00,2025-12-06 09:03:00,2025-12-06 04:56:00,2025-12-06 09:43:00,Arrived
367,AI425,7M7,SIN,SYD,2025-08-20 08:15:00,2025-08-20 10:15:00,,,Scheduled
368,AI211,B38M,NRT,FRA,2025-03-21 03:15:00,2025-03-21 10:03:00,,,On Time
369,AI888,7M7,BOM,LHR,2025-04-17 14:30:00,2025-04-17 21:30:00,2025-04-17 14:25:00,2025-04-17 21:40:00,Arrived
370,AI946,789,NRT,DXB,2025-12-27 22:00:00,2025-12-28 01:48:00,2025-12-27 21:59:00,2025-12-28 01:49:00,Arrived
371,AI505,7M7,SIN,MAA,2025-09-20 01:30:00,2025-09-20 05:54:00,,,Cancelled
372,AI669,E70,DEL,JFK,2025-10-09 07:00:00,2025-10-09 14:00:00,2025-10-09 06:58:00,2025-10-09 14:05:00,Arrived
373,AI233,77W,DEL,FRA,2025-04-12 12:30:00,2025-04-12 22:24:00,2025-04-12 12:25:00,2025-04-12 22:47:00,Arrived
374,AI122,339,FRA,SYD,2025-02-03 06:45:00,2025-02-03 18:15:00,,,Scheduled
375,AI225,7M7,SYD,FRA,2025-01-22 14:00:00,2025-01-22 17:12:00,2025-01-22 14:42:00,2025-01-22 17:52:00,Arrived
376,AI799,CR7,LAX,DEL,2025-08-07 05:30:00,2025-08-07 09:18:00,,,Scheduled
377,AI135,351,HYD,LAX,2025-11-11 19:15:00,2025-11-12 04:39:00,2025-11-11 19:40:00,2025-11-12 05:30:00,Arrived
378,AI492,789,DEL,BOM,2025-03-12 13:15:00,2025-03-12 22:39:00,2025-03-12 13:20:00,2025-03-12 23:38:00,Arrived
379,AI900,CR7,NRT,DEL,2025-07-03 15:45:00,2025-07-03 21:15:00,2025-07-03 15:55:00,2025-07-03 21:54:00,Arrived
380,AI426,32N,HYD,BLR,2025-11-02 07:00:00,2025-11-02 19:36:00,2025-11-02 06:53:00,2025-11-02 20:26:00,Arrived
381,AI338,B38M,LHR,CCU,2025-03-23 03:15:00,2025-03-23 12:45:00,,,Scheduled
382,AI882,32N,SYD,NRT,2025-04-23 18:45:00,2025-04-24 00:21:00,2025-04-23 19:29:00,2025-04-24 00:33:00,Arrived
383,AI425,B38M,BLR,MAA,2025-12-24 11:00:00,2025-12-24 21:06:00,,,On Time
384,AI676,351,CDG,FRA,2025-04-07 15:30:00,2025-04-07 18:48:00,,,Scheduled
385,AI324,B38M,DEL,MAA,2025-01-11 16:45:00,2025-01-11 17:45:00,2025-01-11 16:47:00,2025-01-11 17:51:00,Arrived
386,AI921,351,CCU,SIN,2025-06-15 01:00:00,2025-06-15 03:54:00,2025-06-15 00:59:00,2025-06-15 03:58:00,Arrived
387,AI174,7M7,SYD,LHR,2025-07-11 22:45:00,2025-07-12 07:21:00,,,On Time
388,AI849,351,CCU,BLR,2025-08-12 20:45:00,2025-08-13 06:09:00,,,Scheduled
389,AI905,B38M,LHR,SIN,2025-07-02 07:15:00,2025-07-02 13:09:00,2025-07-02 07:23:00,2025-07-02 13:15:00,Arrived
390,AI818,32N,BLR,SIN,2025-10-21 12:00:00,2025-10-21 15:24:00,,,On Time
391,AI754,77W,NRT,CDG,2025-10-17 03:45:00,2025-10-17 06:33:00,2025-10-17 03:50:00,2025-10-17 07:07:00,Arrived
392,AI941,339,CCU,BLR,2025-12-29 21:30:00,2025-12-30 04:18:00,,,Scheduled
393,AI458,339,MAA,SIN,2025-05-12 03:00:00,2025-05-12 04:36:00,,,Delayed
394,AI604,CR7,JFK,BLR,2025-07-13 11:45:00,2025-07-13 14:03:00,2025-07-13 12:30:00,2025-07-13 14:21:00,Departed
395,AI918,339,BLR,LAX,2025-01-18 09:00:00,2025-01-18 14:06:00,2025-01-18 08:54:00,2025-01-18 14:39:00,Arrived
396,AI849,351,BLR,JFK,2025-02-08 17:00:00,2025-02-08 22:24:00,,,Cancelled
397,AI541,32N,FRA,LAX,2025-12-01 05:45:00,2025-12-01 08:45:00,,,Scheduled
398,AI813,CR7,MAA,FRA,2025-10-11 23:30:00,2025-10-12 09:06:00,,,Scheduled
399,AI685,CR7,BOM,DEL,2025-10-09 15:15:00,2025-10-09 16:57:00,,,Scheduled
400,AI591,B38M,BOM,HYD,2025-04-13 03:00:00,2025-04-13 06:42:00,2025-04-13 02:55:00,2025-04-13 07:32:00,Arrived
401,AI903,789,SYD,BOM,2025-07-23 15:45:00,2025-07-24 04:21:00,,,Scheduled
402,AI289,CR7,DXB,LHR,2025-07-09 12:30:00,2025-07-09 15:54:00,,,Scheduled
403,AI331,789,LAX,FRA,2025-05-18 18:00:00,2025-05-18 21:00:00,2025-05-18 17:56:00,2025-05-18 21:00:00,Arrived
404,AI523,A21N,DXB,CCU,2025-10-29 07:00:00,2025-10-29 18:54:00,2025-10-29 07:16:00,2025-10-29 19:52:00,Arrived
405,AI686,E70,DXB,SYD,2025-05-01 15:30:00,2025-05-01 17:30:00,2025-05-01 16:05:00,2025-05-01 17:24:00,Arrived
406,AI919,A21N,LHR,CDG,2025-10-20 21:15:00,2025-10-20 23:51:00,2025-10-20 21:16:00,2025-10-21 00:02:00,Arrived
407,AI229,77W,MAA,NRT,2025-01-22 13:00:00,2025-01-23 02:48:00,,,Delayed
408,AI954,351,SYD,DXB,2025-11-01 08:30:00,2025-11-01 21:18:00,2025-11-01 08:24:00,2025-11-01 21:19:00,Arrived
409,AI665,CR7,JFK,LHR,2025-06-16 08:45:00,2025-06-16 21:39:00,,,Scheduled
410,AI635,B38M,SIN,CDG,2025-08-03 03:45:00,2025-08-03 06:39:00,2025-08-03 04:12:00,2025-08-03 06:41:00,Arrived
411,AI898,B38M,FRA,BOM,2025-02-21 09:30:00,2025-02-21 21:54:00,,,Scheduled
412,AI723,B38M,DXB,LAX,2025-08-31 01:15:00,2025-08-31 05:51:00,,,Scheduled
413,AI139,CR7,CDG,DXB,2025-07-22 10:15:00,2025-07-22 11:51:00,2025-07-22 10:22:00,2025-07-22 12:28:00,Departed
414,AI418,789,DEL,CCU,2025-05-24 15:00:00,2025-05-25 04:36:00,,,Scheduled
415,AI892,E70,HYD,SIN,2025-06-14 08:45:00,2025-06-14 17:39:00,,,Scheduled
416,AI858,CR7,LAX,MAA,2025-09-06 16:30:00,2025-09-07 04:12:00,2025-09-06 16:30:00,2025-09-07 04:10:00,Arrived
417,AI513,A21N,HYD,SIN,2025-03-11 16:00:00,2025-03-11 19:18:00,2025-03-11 16:02:00,2025-03-11 19:15:00,Arrived
418,AI151,E70,MAA,DEL,2025-07-04 22:15:00,2025-07-05 02:51:00,2025-07-04 22:37:00,2025-07-05 03:31:00,Arrived
419,AI347,32N,DXB,BOM,2025-07-10 15:45:00,2025-07-10 19:03:00,2025-07-10 16:12:00,2025-07-10 20:03:00,Arrived
420,AI957,351,CCU,FRA,2025-05-13 23:00:00,2025-05-14 03:42:00,,,On Time
421,AI898,B38M,BLR,SYD,2025-04-20 07:15:00,2025-04-20 17:03:00,,,Scheduled
422,AI985,32N,JFK,LHR,2025-12-16 00:45:00,2025-12-16 13:33:00,2025-12-16 01:13:00,2025-12-16 13:24:00,Arrived
423,AI924,B38M,MAA,HYD,2025-06-06 22:30:00,2025-06-07 05:00:00,,,On Time
424,AI323,789,CCU,LAX,2025-08-27 09:45:00,2025-08-27 18:21:00,,,Scheduled
425,AI674,7M7,DXB,SYD,2025-11-28 19:30:00,2025-11-29 00:24:00,,,Scheduled
426,AI755,789,BOM,CCU,2025-06-16 08:30:00,2025-06-16 18:00:00,2025-06-16 09:01:00,2025-06-16 18:28:00,Arrived
427,AI883,A21N,MAA,BLR,2025-05-04 01:45:00,2025-05-04 11:21:00,2025-05-04 02:21:00,2025-05-04 11:14:00,Arrived
428,AI365,789,DXB,LAX,2025-08-03 12:45:00,2025-08-03 23:21:00,2025-08-03 13:11:00,2025-08-03 23:35:00,Arrived
429,AI802,77W,CCU,SIN,2025-10-01 20:45:00,2025-10-02 09:33:00,2025-10-01 21:07:00,2025-10-02 10:01:00,Arrived
430,AI285,A21N,SYD,BLR,2025-05-31 03:45:00,2025-05-31 06:27:00,,,Scheduled
431,AI796,351,NRT,LHR,2025-06-21 20:00:00,2025-06-21 23:54:00,,,Scheduled
432,AI907,CR7,SYD,HYD,2025-06-19 11:30:00,2025-06-19 20:06:00,,,Boarding
433,AI987,32N,BOM,LAX,2025-11-21 18:00:00,2025-11-22 01:06:00,,,Scheduled
434,AI642,CR7,BOM,SYD,2025-06-02 13:00:00,2025-06-03 01:18:00,,,Scheduled
435,AI683,CR7,MAA,CCU,2025-08-23 04:30:00,2025-08-23 16:42:00,,,Scheduled
436,AI746,7M7,BOM,LAX,2025-04-01 10:00:00,2025-04-01 11:06:00,,,Scheduled
437,AI690,351,NRT,FRA,2025-03-23 15:00:00,2025-03-23 17:42:00,,,Delayed
438,AI588,CR7,JFK,FRA,2025-07-16 00:00:00,2025-07-16 07:54:00,2025-07-15 23:50:00,2025-07-16 08:25:00,Arrived
439,AI295,A21N,NRT,SYD,2025-01-10 21:00:00,2025-01-11 06:06:00,,,Scheduled
440,AI232,789,SIN,CCU,2025-02-22 12:30:00,2025-02-22 15:42:00,2025-02-22 12:39:00,2025-02-22 16:09:00,Arrived
441,AI710,A21N,LAX,SIN,2025-09-26 10:45:00,2025-09-26 23:15:00,,,Cancelled
442,AI868,7M7,CCU,LAX,2025-04-07 05:45:00,2025-04-07 06:57:00,,,Scheduled
443,AI703,32N,BLR,MAA,2025-09-16 05:00:00,2025-09-16 10:48:00,2025-09-16 04:52:00,2025-09-16 11:26:00,Arrived
444,AI889,789,FRA,DXB,2025-10-01 19:00:00,2025-10-02 03:42:00,,,Scheduled
445,AI149,32N,BOM,DXB,2025-12-20 03:45:00,2025-12-20 10:33:00,,,Scheduled
446,AI310,351,HYD,LAX,2025-12-22 21:00:00,2025-12-23 01:54:00,2025-12-22 21:32:00,2025-12-23 02:50:00,Arrived
447,AI817,B38M,HYD,CDG,2025-03-12 13:00:00,2025-03-12 20:42:00,2025-03-12 13:08:00,2025-03-12 20:46:00,Arrived
448,AI303,E70,NRT,BOM,2025-11-08 06:30:00,2025-11-08 18:18:00,,,Cancelled
449,AI402,CR7,CCU,SIN,2025-03-24 01:45:00,2025-03-24 14:33:00,2025-03-24 02:05:00,2025-03-24 15:05:00,Arrived
450,AI787,32N,MAA,DEL,2025-02-15 03:45:00,2025-02-15 06:39:00,,,Scheduled
451,AI362,339,LHR,BOM,2025-11-26 07:45:00,2025-11-26 21:39:00,,,Scheduled
452,AI932,339,LAX,DEL,2025-03-31 01:30:00,2025-03-31 07:12:00,2025-03-31 01:47:00,2025-03-31 07:16:00,Arrived
453,AI109,32N,BOM,SYD,2025-03-12 21:15:00,2025-03-13 02:33:00,2025-03-12 21:44:00,2025-03-13 02:57:00,Arrived
454,AI481,339,FRA,SIN,2025-06-25 05:00:00,2025-06-25 11:12:00,2025-06-25 05:07:00,2025-06-25 11:51:00,Arrived
455,AI919,E70,SIN,SYD,2025-08-04 20:15:00,2025-08-04 22:45:00,2025-08-04 20:08:00,2025-08-04 22:55:00,Arrived
456,AI594,B38M,BOM,JFK,2025-10-19 21:45:00,2025-10-20 01:09:00,,,On Time
457,AI983,32N,CCU,CDG,2025-12-17 23:15:00,2025-12-18 06:33:00,2025-12-17 23:31:00,2025-12-18 07:19:00,Departed
458,AI770,789,DEL,BOM,2025-06-10 00:15:00,2025-06-10 13:57:00,2025-06-10 00:26:00,2025-06-10 14:53:00,Arrived
459,AI197,B38M,LHR,SIN,2025-08-10 21:15:00,2025-08-11 04:33:00,2025-08-10 21:46:00,2025-08-11 05:12:00,Arrived
460,AI727,A21N,BLR,SYD,2025-01-28 00:15:00,2025-01-28 07:51:00,,,Boarding
461,AI176,351,LAX,SYD,2025-09-09 10:15:00,2025-09-09 15:33:00,,,Scheduled
462,AI758,A21N,LHR,MAA,2025-07-13 12:15:00,2025-07-13 14:15:00,,,Delayed
463,AI977,339,CDG,LAX,2025-09-13 14:30:00,2025-09-13 17:00:00,2025-09-13 15:01:00,2025-09-13 16:52:00,Arrived
464,AI136,CR7,BOM,JFK,2025-10-13 17:00:00,2025-10-14 04:42:00,2025-10-13 17:29:00,2025-10-14 05:10:00,Arrived
465,AI311,A21N,FRA,LHR,2025-12-02 21:45:00,2025-12-03 11:09:00,,,On Time
466,AI964,77W,DEL,SYD,2025-08-21 10:45:00,2025-08-21 21:03:00,,,On Time
467,AI877,339,LAX,BOM,2025-12-04 07:00:00,2025-12-04 12:24:00,2025-12-04 07:41:00,2025-12-04 12:51:00,Arrived
468,AI818,7M7,LHR,FRA,2025-02-24 01:15:00,2025-02-24 08:39:00,2025-02-24 01:52:00,2025-02-24 09:21:00,Arrived
469,AI300,B38M,BOM,HYD,2025-04-07 03:45:00,2025-04-07 07:33:00,2025-04-07 03:47:00,2025-04-07 08:06:00,Arrived
470,AI147,CR7,BOM,NRT,2025-11-21 21:00:00,2025-11-22 08:00:00,,,Boarding
471,AI237,A21N,DXB,CDG,2025-09-13 00:00:00,2025-09-13 08:12:00,,,Delayed
472,AI899,A21N,CDG,LAX,2025-04-01 22:15:00,2025-04-02 08:45:00,,,Scheduled
473,AI720,B38M,JFK,DXB,2025-06-14 16:45:00,2025-06-14 23:09:00,2025-06-14 17:19:00,2025-06-14 23:30:00,Arrived
474,AI401,7M7,HYD,JFK,2025-08-20 04:15:00,2025-08-20 10:39:00,2025-08-20 04:52:00,2025-08-20 11:34:00,Arrived
475,AI981,A21N,HYD,SYD,2025-06-10 22:15:00,2025-06-11 01:51:00,2025-06-10 22:23:00,2025-06-11 02:25:00,Arrived
476,AI827,351,FRA,DXB,2025-11-29 05:30:00,2025-11-29 15:42:00,2025-11-29 05:55:00,2025-11-29 16:33:00,Arrived
477,AI790,CR7,CDG,FRA,2025-10-01 09:45:00,2025-10-01 21:15:00,2025-10-01 09:36:00,2025-10-01 21:53:00,Arrived
478,AI304,32N,BLR,DEL,2025-05-17 05:30:00,2025-05-17 15:24:00,,,Scheduled
479,AI308,789,DEL,SIN,2025-10-05 01:30:00,2025-10-05 13:06:00,,,Scheduled
480,AI985,A21N,SYD,DXB,2025-04-25 23:45:00,2025-04-26 03:51:00,2025-04-26 00:26:00,2025-04-26 04:17:00,Arrived
481,AI490,32N,SIN,DXB,2025-07-18 13:30:00,2025-07-19 03:06:00,,,Scheduled
482,AI735,77W,SIN,HYD,2025-08-15 07:30:00,2025-08-15 18:18:00,2025-08-15 07:58:00,2025-08-15 18:33:00,Arrived
483,AI401,77W,NRT,SIN,2025-08-18 05:00:00,2025-08-18 08:24:00,,,Scheduled
484,AI141,CR7,LHR,BOM,2025-08-08 08:30:00,2025-08-08 11:12:00,2025-08-08 08:36:00,2025-08-08 11:02:00,Arrived
485,AI140,351,CCU,LAX,2025-03-20 10:00:00,2025-03-20 21:06:00,2025-03-20 10:43:00,2025-03-20 21:34:00,Arrived
486,AI663,B38M,LAX,NRT,2025-07-03 02:30:00,2025-07-03 10:18:00,2025-07-03 02:53:00,2025-07-03 10:16:00,Arrived
487,AI525,351,NRT,LHR,2025-10-06 17:45:00,2025-10-06 19:57:00,,,Scheduled
488,AI439,7M7,MAA,DXB,2025-07-04 09:15:00,2025-07-04 22:39:00,2025-07-04 09:35:00,2025-07-04 22:30:00,Arrived
489,AI556,7M7,BOM,DXB,2025-05-04 20:15:00,2025-05-05 09:45:00,2025-05-04 20:25:00,2025-05-05 10:23:00,Arrived
490,AI495,339,FRA,NRT,2025-05-12 17:30:00,2025-05-12 18:48:00,2025-05-12 18:09:00,2025-05-12 19:25:00,Arrived
491,AI556,A21N,LHR,NRT,2025-09-07 01:30:00,2025-09-07 14:12:00,,,Scheduled
492,AI271,339,LHR,BOM,2025-10-03 17:00:00,2025-10-04 02:12:00,,,Scheduled
493,AI985,77W,DXB,NRT,2025-12-17 13:00:00,2025-12-17 16:42:00,2025-12-17 13:37:00,2025-12-17 17:27:00,Arrived
494,AI864,339,DXB,SYD,2025-12-18 04:00:00,2025-12-18 11:00:00,,,On Time
495,AI282,32N,BOM,FRA,2025-05-09 17:00:00,2025-05-10 01:30:00,,,Scheduled
496,AI561,CR7,HYD,JFK,2025-11-19 12:45:00,2025-11-19 17:51:00,,,On Time
497,AI756,32N,BOM,LHR,2025-11-13 02:00:00,2025-11-13 12:06:00,,,Scheduled
498,AI396,339,FRA,LHR,2025-12-18 09:00:00,2025-12-18 13:42:00,2025-12-18 09:14:00,2025-12-18 14:22:00,Arrived
499,AI585,32N,SYD,DXB,2025-03-22 17:15:00,2025-03-22 20:03:00,,,On Time
500,AI402,A21N,NRT,SYD,2025-11-21 04:30:00,2025-11-21 14:18:00,2025-11-21 05:10:00,2025-11-21 14:55:00,Arrived
501,AI244,A21N,DEL,LHR,2025-03-05 01:00:00,2025-03-05 09:24:00,,,On Time
502,AI315,789,LHR,BOM,2025-06-26 06:45:00,2025-06-26 19:33:00,2025-06-26 06:44:00,2025-06-26 19:43:00,Arrived
503,AI954,B38M,BLR,MAA,2025-05-10 06:00:00,2025-05-10 09:24:00,2025-05-10 06:44:00,2025-05-10 09:20:00,Arrived
504,AI572,A21N,SYD,NRT,2025-11-27 17:00:00,2025-11-27 21:48:00,,,Scheduled
505,AI598,B38M,BOM,MAA,2025-06-19 11:15:00,2025-06-19 20:57:00,,,Scheduled
506,AI298,339,HYD,CDG,2025-06-12 15:45:00,2025-06-12 21:03:00,2025-06-12 16:19:00,2025-06-12 21:12:00,Arrived
507,AI927,7M7,CDG,FRA,2025-06-11 13:15:00,2025-06-11 14:21:00,,,Scheduled
508,AI383,CR7,MAA,SIN,2025-07-04 04:30:00,2025-07-04 16:54:00,,,Boarding
509,AI598,789,CCU,NRT,2025-10-10 03:15:00,2025-10-10 12:39:00,,,Scheduled
510,AI651,351,HYD,SYD,2025-04-11 08:00:00,2025-04-11 18:30:00,2025-04-11 08:44:00,2025-04-11 19:24:00,Arrived
511,AI692,B38M,DXB,DEL,2025-07-27 18:15:00,2025-07-28 07:03:00,2025-07-27 18:39:00,2025-07-28 08:02:00,Arrived
512,AI474,351,LAX,DXB,2025-07-20 07:30:00,2025-07-20 10:12:00,2025-07-20 07:25:00,2025-07-20 10:52:00,Arrived
513,AI778,32N,CCU,LHR,2025-05-03 19:15:00,2025-05-04 06:03:00,,,Scheduled
514,AI679,B38M,BLR,FRA,2025-12-04 04:45:00,2025-12-04 17:57:00,,,Scheduled
515,AI164,77W,NRT,LAX,2025-05-16 11:15:00,2025-05-16 12:51:00,,,Scheduled
516,AI497,7M7,FRA,NRT,2025-08-29 14:00:00,2025-08-29 15:30:00,2025-08-29 13:56:00,2025-08-29 16:26:00,Arrived
517,AI954,789,DXB,SYD,2025-05-15 18:15:00,2025-05-16 00:09:00,,,On Time
518,AI629,339,CDG,DXB,2025-05-09 12:15:00,2025-05-09 19:57:00,,,On Time
519,AI911,E70,SYD,CCU,2025-09-04 19:00:00,2025-09-05 02:30:00,,,Scheduled
520,AI626,339,BLR,MAA,2025-11-26 08:15:00,2025-11-26 11:15:00,,,Scheduled
521,AI776,339,CDG,SIN,2025-04-28 13:30:00,2025-04-28 23:54:00,2025-04-28 13:50:00,2025-04-29 00:45:00,Departed
522,AI762,351,MAA,CDG,2025-07-30 00:15:00,2025-07-30 01:51:00,2025-07-30 00:15:00,2025-07-30 01:58:00,Arrived
523,AI686,32N,DXB,LHR,2025-03-17 01:15:00,2025-03-17 05:39:00,,,Scheduled
524,AI752,B38M,JFK,CDG,2025-01-10 23:30:00,2025-01-11 12:48:00,,,Scheduled
525,AI274,E70,CDG,LAX,2025-04-23 13:15:00,2025-04-24 00:33:00,2025-04-23 13:16:00,2025-04-24 01:28:00,Arrived
526,AI564,7M7,HYD,BLR,2025-11-02 18:00:00,2025-11-02 22:00:00,,,On Time
527,AI635,77W,BOM,DEL,2025-09-16 21:45:00,2025-09-17 09:27:00,2025-09-16 21:46:00,2025-09-17 10:17:00,Arrived
528,AI139,B38M,FRA,CDG,2025-09-30 16:00:00,2025-09-30 18:12:00,2025-09-30 16:28:00,2025-09-30 19:11:00,Arrived
529,AI634,CR7,SYD,DEL,2025-08-04 11:00:00,2025-08-04 21:06:00,,,Delayed
530,AI458,CR7,NRT,LAX,2025-10-29 23:00:00,2025-10-30 05:30:00,,,Scheduled
531,AI390,339,NRT,MAA,2025-11-03 17:45:00,2025-11-03 22:09:00,,,Scheduled
532,AI691,32N,SIN,NRT,2025-09-25 03:00:00,2025-09-25 08:54:00,,,Scheduled
533,AI470,CR7,NRT,CCU,2025-02-24 04:45:00,2025-02-24 14:15:00,,,Scheduled
534,AI678,CR7,SYD,LHR,2025-07-07 19:30:00,2025-07-08 09:24:00,,,On Time
535,AI902,A21N,MAA,JFK,2025-10-13 15:15:00,2025-10-13 21:03:00,2025-10-13 15:21:00,2025-10-13 21:32:00,Arrived
536,AI853,CR7,CDG,CCU,2025-03-12 21:00:00,2025-03-13 07:42:00,,,Delayed
537,AI319,339,SIN,BLR,2025-09-18 12:30:00,2025-09-18 23:54:00,2025-09-18 13:03:00,2025-09-18 23:50:00,Arrived
538,AI923,32N,BLR,JFK,2025-02-16 04:45:00,2025-02-16 17:45:00,,,Delayed
539,AI479,77W,BOM,HYD,2025-02-10 19:00:00,2025-02-11 05:24:00,2025-02-10 19:15:00,2025-02-11 06:20:00,Arrived
540,AI158,B38M,HYD,SIN,2025-03-31 20:45:00,2025-04-01 03:27:00,,,Scheduled
541,AI392,A21N,DXB,NRT,2025-04-10 01:15:00,2025-04-10 10:15:00,2025-04-10 01:28:00,2025-04-10 10:35:00,Arrived
542,AI188,351,DXB,DEL,2025-05-22 12:30:00,2025-05-22 22:12:00,,,Delayed
543,AI854,32N,MAA,LHR,2025-12-27 02:00:00,2025-12-27 10:06:00,2025-12-27 02:25:00,2025-12-27 10:40:00,Arrived
544,AI331,789,CCU,SYD,2025-11-07 06:45:00,2025-11-07 19:51:00,2025-11-07 06:51:00,2025-11-07 20:03:00,Arrived
545,AI672,339,JFK,LHR,2025-02-07 16:30:00,2025-02-07 21:54:00,,,Scheduled
546,AI932,A21N,LHR,HYD,2025-10-22 08:45:00,2025-10-22 22:21:00,2025-10-22 09:24:00,2025-10-22 22:42:00,Arrived
547,AI797,E70,NRT,CCU,2025-08-24 18:00:00,2025-08-25 01:18:00,,,Scheduled
548,AI793,77W,JFK,DXB,2025-12-26 07:30:00,2025-12-26 13:54:00,,,On Time
549,AI354,789,LHR,DEL,2025-05-28 02:45:00,2025-05-28 12:33:00,2025-05-28 02:39:00,2025-05-28 13:33:00,Arrived
550,AI421,E70,FRA,BLR,2025-07-01 06:30:00,2025-07-01 09:54:00,2025-07-01 06:32:00,2025-07-01 10:47:00,Arrived
551,AI853,77W,SIN,MAA,2025-05-04 08:15:00,2025-05-04 12:15:00,2025-05-04 08:58:00,2025-05-04 12:50:00,Arrived
552,AI222,339,BLR,NRT,2025-02-10 21:45:00,2025-02-11 06:45:00,2025-02-10 22:09:00,2025-02-11 06:40:00,Arrived
553,AI735,7M7,SYD,LAX,2025-06-11 15:30:00,2025-06-11 22:54:00,,,Cancelled
554,AI507,789,FRA,LHR,2025-04-24 18:15:00,2025-04-24 19:57:00,2025-04-24 18:35:00,2025-04-24 20:56:00,Arrived
555,AI503,7M7,DEL,LHR,2025-12-18 05:45:00,2025-12-18 19:27:00,2025-12-18 06:04:00,2025-12-18 19:57:00,Arrived
556,AI790,32N,SIN,DEL,2025-04-18 12:00:00,2025-04-18 17:12:00,2025-04-18 12:06:00,2025-04-18 17:25:00,Arrived
557,AI375,77W,LHR,HYD,2025-08-30 19:30:00,2025-08-31 01:18:00,2025-08-30 19:33:00,2025-08-31 02:01:00,Arrived
558,AI473,7M7,SIN,NRT,2025-07-25 08:45:00,2025-07-25 12:03:00,,,Scheduled
559,AI933,77W,CDG,DXB,2025-02-21 23:30:00,2025-02-22 11:00:00,2025-02-22 00:14:00,2025-02-22 11:38:00,Arrived
560,AI584,351,MAA,BLR,2025-01-05 05:45:00,2025-01-05 13:15:00,,,Cancelled
561,AI646,A21N,SYD,DXB,2025-06-11 15:30:00,2025-06-11 19:48:00,2025-06-11 15:23:00,2025-06-11 20:28:00,Arrived
562,AI161,351,BOM,SIN,2025-04-21 08:45:00,2025-04-21 20:39:00,,,Scheduled
563,AI469,789,SIN,CCU,2025-07-04 17:30:00,2025-07-04 23:00:00,,,Delayed
564,AI303,B38M,CCU,SYD,2025-10-23 18:15:00,2025-10-24 07:57:00,,,Scheduled
565,AI599,A21N,CCU,DXB,2025-08-17 02:45:00,2025-08-17 11:45:00,,,Boarding
566,AI755,351,BLR,SYD,2025-06-22 13:45:00,2025-06-23 01:45:00,,,Scheduled
567,AI421,77W,BLR,CCU,2025-06-12 20:30:00,2025-06-13 06:42:00,2025-06-12 20:45:00,2025-06-13 07:06:00,Arrived
568,AI865,7M7,FRA,LAX,2025-10-28 16:45:00,2025-10-28 23:09:00,,,Scheduled
569,AI777,77W,DEL,BLR,2025-05-09 23:00:00,2025-05-10 02:42:00,,,On Time
570,AI661,E70,BOM,FRA,2025-01-28 00:45:00,2025-01-28 08:33:00,,,Cancelled
571,AI259,B38M,BOM,HYD,2025-02-13 20:45:00,2025-02-14 01:45:00,,,Scheduled
572,AI234,351,HYD,LAX,2025-09-27 05:00:00,2025-09-27 06:30:00,,,On Time
573,AI578,E70,FRA,CCU,2025-10-04 08:45:00,2025-10-04 11:33:00,2025-10-04 09:09:00,2025-10-04 11:45:00,Arrived
574,AI746,E70,CDG,FRA,2025-11-22 18:45:00,2025-11-23 02:33:00,2025-11-22 18:54:00,2025-11-23 03:07:00,Arrived
575,AI924,77W,LAX,LHR,2025-02-15 14:30:00,2025-02-15 20:18:00,,,Scheduled
576,AI635,32N,HYD,DEL,2025-03-11 11:30:00,2025-03-11 18:36:00,,,Scheduled
577,AI406,E70,FRA,LAX,2025-01-05 13:30:00,2025-01-05 22:18:00,2025-01-05 13:55:00,2025-01-05 22:55:00,Arrived
578,AI547,A21N,MAA,JFK,2025-07-22 07:15:00,2025-07-22 17:33:00,2025-07-22 07:58:00,2025-07-22 18:11:00,Arrived
579,AI532,339,MAA,HYD,2025-11-17 07:30:00,2025-11-17 12:12:00,2025-11-17 08:11:00,2025-11-17 12:36:00,Arrived
580,AI286,339,JFK,MAA,2025-03-11 09:00:00,2025-03-11 18:18:00,2025-03-11 09:07:00,2025-03-11 19:10:00,Arrived
581,AI255,32N,MAA,CCU,2025-01-26 17:00:00,2025-01-26 20:24:00,,,Scheduled
582,AI844,E70,HYD,BLR,2025-01-05 07:00:00,2025-01-05 10:00:00,2025-01-05 07:11:00,2025-01-05 10:43:00,Arrived
583,AI480,E70,HYD,NRT,2025-08-26 22:00:00,2025-08-27 03:18:00,2025-08-26 21:59:00,2025-08-27 03:15:00,Arrived
584,AI173,CR7,HYD,NRT,2025-10-06 15:15:00,2025-10-06 18:45:00,2025-10-06 15:57:00,2025-10-06 19:23:00,Arrived
585,AI886,339,SYD,DEL,2025-05-08 12:45:00,2025-05-08 16:57:00,,,Cancelled
586,AI633,339,MAA,LAX,2025-12-07 06:45:00,2025-12-07 12:51:00,2025-12-07 06:55:00,2025-12-07 13:01:00,Arrived
587,AI862,32N,DXB,SIN,2025-10-09 16:00:00,2025-10-09 20:18:00,2025-10-09 16:02:00,2025-10-09 20:54:00,Arrived
588,AI215,77W,FRA,DEL,2025-05-01 20:45:00,2025-05-02 01:57:00,,,Scheduled
589,AI505,339,HYD,CDG,2025-05-05 00:00:00,2025-05-05 08:36:00,2025-05-05 00:34:00,2025-05-05 08:45:00,Arrived
590,AI354,339,CCU,NRT,2025-03-22 15:00:00,2025-03-23 00:54:00,,,On Time
591,AI161,32N,NRT,DXB,2025-07-02 20:15:00,2025-07-03 06:21:00,2025-07-02 20:13:00,2025-07-03 07:13:00,Arrived
592,AI907,A21N,MAA,CCU,2025-11-27 11:45:00,2025-11-27 22:15:00,,,Scheduled
593,AI356,351,JFK,CCU,2025-01-21 15:45:00,2025-01-22 00:03:00,2025-01-21 16:06:00,2025-01-22 00:17:00,Arrived
594,AI456,A21N,CDG,BLR,2025-06-15 23:45:00,2025-06-16 04:21:00,2025-06-16 00:30:00,2025-06-16 05:21:00,Arrived
595,AI258,A21N,BLR,BOM,2025-08-19 09:30:00,2025-08-19 17:30:00,,,Boarding
596,AI488,A21N,NRT,DXB,2025-04-05 00:30:00,2025-04-05 11:36:00,,,Scheduled
597,AI938,A21N,SIN,BOM,2025-07-18 06:45:00,2025-07-18 17:45:00,,,Scheduled
598,AI756,CR7,HYD,CCU,2025-06-14 03:00:00,2025-06-14 10:48:00,,,Scheduled
599,AI994,351,SYD,BLR,2025-01-17 06:00:00,2025-01-17 13:18:00,,,Scheduled
600,AI773,CR7,CDG,DXB,2025-09-08 16:30:00,2025-09-08 18:06:00,,,Scheduled
601,AI313,32N,SIN,BOM,2025-12-02 15:00:00,2025-12-02 22:06:00,2025-12-02 15:13:00,2025-12-02 22:49:00,Arrived
602,AI943,32N,SYD,CCU,2025-11-12 08:00:00,2025-11-12 18:30:00,2025-11-12 07:54:00,2025-11-12 18:47:00,Arrived
603,AI842,339,LHR,BOM,2025-04-29 17:45:00,2025-04-29 21:15:00,2025-04-29 17:50:00,2025-04-29 21:27:00,Arrived
604,AI525,A21N,LHR,SIN,2025-02-24 20:30:00,2025-02-25 06:18:00,2025-02-24 20:47:00,2025-02-25 06:21:00,Arrived
605,AI663,351,BLR,NRT,2025-07-25 16:30:00,2025-07-26 02:00:00,2025-07-25 16:58:00,2025-07-26 02:46:00,Arrived
606,AI663,7M7,FRA,CCU,2025-06-16 11:45:00,2025-06-16 22:39:00,,,Delayed
607,AI346,B38M,SIN,CCU,2025-10-16 17:15:00,2025-10-16 23:09:00,2025-10-16 17:52:00,2025-10-16 23:31:00,Arrived
608,AI506,E70,CCU,LAX,2025-01-01 23:00:00,2025-01-02 12:48:00,2025-01-01 23:23:00,2025-01-02 12:55:00,Arrived
609,AI407,32N,FRA,HYD,2025-04-24 06:30:00,2025-04-24 07:48:00,2025-04-24 07:04:00,2025-04-24 08:13:00,Arrived
610,AI669,A21N,FRA,LHR,2025-10-20 18:15:00,2025-10-20 20:27:00,,,Boarding
611,AI475,789,BLR,FRA,2025-10-26 07:15:00,2025-10-26 11:33:00,,,On Time
612,AI322,B38M,CDG,JFK,2025-02-09 23:30:00,2025-02-10 10:48:00,,,Scheduled
613,AI939,B38M,SYD,SIN,2025-02-18 19:30:00,2025-02-18 21:00:00,2025-02-18 19:44:00,2025-02-18 21:00:00,Arrived
614,AI456,7M7,NRT,DEL,2025-08-11 13:00:00,2025-08-12 01:18:00,,,Scheduled
615,AI111,B38M,DXB,SYD,2025-11-21 20:45:00,2025-11-21 22:27:00,2025-11-21 20:55:00,2025-11-21 23:26:00,Arrived
616,AI614,7M7,CDG,BLR,2025-12-24 07:15:00,2025-12-24 08:57:00,2025-12-24 07:30:00,2025-12-24 09:44:00,Arrived
617,AI616,B38M,NRT,CDG,2025-02-16 07:45:00,2025-02-16 12:33:00,,,On Time
618,AI587,339,BLR,CCU,2025-10-20 23:00:00,2025-10-21 07:06:00,,,Scheduled
619,AI892,CR7,JFK,LHR,2025-12-24 04:15:00,2025-12-24 11:33:00,,,Scheduled
620,AI300,B38M,JFK,DXB,2025-10-15 19:15:00,2025-10-15 23:27:00,,,Scheduled
621,AI191,B38M,JFK,CCU,2025-02-27 21:45:00,2025-02-28 04:15:00,,,On Time
622,AI771,B38M,CCU,FRA,2025-01-13 09:15:00,2025-01-13 23:03:00,2025-01-13 09:56:00,2025-01-13 23:49:00,Arrived
623,AI145,E70,CDG,BLR,2025-04-30 06:30:00,2025-04-30 09:30:00,2025-04-30 06:25:00,2025-04-30 09:34:00,Arrived
624,AI735,77W,SIN,DEL,2025-03-17 09:00:00,2025-03-17 14:30:00,2025-03-17 09:09:00,2025-03-17 15:17:00,Arrived
625,AI314,7M7,LAX,DEL,2025-10-03 06:15:00,2025-10-03 14:21:00,2025-10-03 06:40:00,2025-10-03 15:12:00,Arrived
626,AI811,351,CDG,SIN,2025-12-24 21:00:00,2025-12-25 02:54:00,2025-12-24 21:23:00,2025-12-25 02:49:00,Arrived
627,AI390,32N,HYD,BLR,2025-04-13 22:30:00,2025-04-14 00:12:00,2025-04-13 22:20:00,2025-04-14 00:10:00,Arrived
628,AI778,789,JFK,DXB,2025-12-04 11:00:00,2025-12-04 12:12:00,2025-12-04 11:31:00,2025-12-04 12:51:00,Arrived
629,AI826,A21N,MAA,JFK,2025-02-20 10:45:00,2025-02-20 23:03:00,2025-02-20 10:46:00,2025-02-20 23:18:00,Arrived
630,AI829,A21N,LHR,LAX,2025-01-12 01:15:00,2025-01-12 14:15:00,,,On Time
631,AI118,351,LAX,JFK,2025-06-27 21:30:00,2025-06-28 03:06:00,,,On Time
632,AI740,32N,LHR,HYD,2025-05-12 12:00:00,2025-05-13 01:18:00,2025-05-12 12:04:00,2025-05-13 01:27:00,Arrived
633,AI189,351,CCU,JFK,2025-07-15 16:15:00,2025-07-15 22:39:00,2025-07-15 16:32:00,2025-07-15 23:08:00,Arrived
634,AI559,7M7,FRA,CDG,2025-10-05 04:15:00,2025-10-05 13:45:00,2025-10-05 04:48:00,2025-10-05 14:00:00,Arrived
635,AI805,789,SYD,BLR,2025-12-28 16:15:00,2025-12-28 22:51:00,2025-12-28 16:54:00,2025-12-28 22:59:00,Arrived
636,AI425,351,DXB,CDG,2025-02-04 17:00:00,2025-02-04 20:24:00,2025-02-04 16:59:00,2025-02-04 20:17:00,Arrived
637,AI521,CR7,NRT,CCU,2025-06-05 14:30:00,2025-06-05 17:30:00,,,Scheduled
638,AI880,32N,BLR,FRA,2025-11-10 19:30:00,2025-11-11 04:24:00,2025-11-10 19:58:00,2025-11-11 04:43:00,Arrived
639,AI467,32N,MAA,DXB,2025-02-10 22:45:00,2025-02-11 01:27:00,2025-02-10 23:05:00,2025-02-11 02:04:00,Arrived
640,AI603,CR7,BLR,SYD,2025-08-31 04:15:00,2025-08-31 07:45:00,,,Scheduled
641,AI522,789,NRT,DEL,2025-04-24 23:15:00,2025-04-25 10:09:00,,,Scheduled
642,AI601,B38M,FRA,LAX,2025-12-19 10:45:00,2025-12-19 23:15:00,,,Delayed
643,AI852,B38M,NRT,DEL,2025-07-14 23:30:00,2025-07-15 05:36:00,2025-07-14 23:56:00,2025-07-15 06:34:00,Arrived
644,AI633,32N,LHR,DXB,2025-02-25 14:45:00,2025-02-26 02:33:00,,,Scheduled
645,AI505,A21N,MAA,LHR,2025-01-21 17:45:00,2025-01-22 01:27:00,2025-01-21 17:38:00,2025-01-22 01:41:00,Arrived
646,AI411,CR7,HYD,LAX,2025-05-27 14:15:00,2025-05-27 20:45:00,2025-05-27 14:08:00,2025-05-27 21:41:00,Arrived
647,AI949,E70,FRA,BLR,2025-11-27 14:00:00,2025-11-28 00:24:00,,,Scheduled
648,AI238,A21N,NRT,CDG,2025-07-21 13:30:00,2025-07-21 20:24:00,,,Scheduled
649,AI565,77W,CDG,SIN,2025-02-16 08:30:00,2025-02-16 18:30:00,2025-02-16 09:10:00,2025-02-16 18:40:00,Arrived
650,AI193,339,SIN,FRA,2025-02-28 22:45:00,2025-03-01 07:57:00,,,Scheduled
651,AI726,A21N,SIN,JFK,2025-03-23 12:45:00,2025-03-23 14:21:00,,,Scheduled
652,AI266,351,CCU,CDG,2025-03-16 05:00:00,2025-03-16 11:30:00,,,On Time
653,AI741,789,NRT,LAX,2025-04-03 03:15:00,2025-04-03 16:45:00,,,Scheduled
654,AI569,32N,NRT,HYD,2025-09-12 15:00:00,2025-09-12 23:54:00,2025-09-12 15:03:00,2025-09-13 00:44:00,Arrived
655,AI181,E70,LAX,JFK,2025-11-04 19:00:00,2025-11-04 23:12:00,2025-11-04 19:29:00,2025-11-04 23:28:00,Arrived
656,AI156,351,DEL,BLR,2025-12-01 11:00:00,2025-12-01 13:54:00,,,Scheduled
657,AI405,B38M,CDG,SYD,2025-06-19 02:00:00,2025-06-19 04:24:00,,,Cancelled
658,AI725,789,BLR,DXB,2025-12-05 22:15:00,2025-12-06 11:51:00,2025-12-05 22:28:00,2025-12-06 11:45:00,Arrived
659,AI430,789,BOM,NRT,2025-07-08 12:00:00,2025-07-08 22:54:00,2025-07-08 11:54:00,2025-07-08 23:21:00,Arrived
660,AI811,339,LAX,BLR,2025-05-21 10:45:00,2025-05-21 18:33:00,2025-05-21 11:14:00,2025-05-21 18:30:00,Arrived
661,AI189,A21N,BOM,CDG,2025-09-05 23:30:00,2025-09-06 06:06:00,2025-09-05 23:36:00,2025-09-06 07:03:00,Arrived
662,AI232,7M7,CDG,FRA,2025-11-11 18:45:00,2025-11-12 02:33:00,2025-11-11 19:06:00,2025-11-12 02:46:00,Arrived
663,AI825,77W,FRA,CDG,2025-05-29 06:00:00,2025-05-29 08:30:00,,,Boarding
664,AI918,77W,NRT,BOM,2025-11-12 13:45:00,2025-11-12 15:21:00,,,On Time
665,AI111,77W,NRT,DXB,2025-11-24 06:30:00,2025-11-24 10:48:00,,,Scheduled
666,AI431,A21N,HYD,LHR,2025-01-04 03:30:00,2025-01-04 08:54:00,2025-01-04 03:59:00,2025-01-04 08:47:00,Arrived
667,AI438,77W,SYD,BLR,2025-06-23 21:45:00,2025-06-24 10:39:00,2025-06-23 22:16:00,2025-06-24 10:46:00,Arrived
668,AI985,E70,LAX,BLR,2025-10-02 10:45:00,2025-10-02 21:57:00,,,Delayed
669,AI406,A21N,SIN,DEL,2025-10-17 23:30:00,2025-10-18 07:42:00,,,Scheduled
670,AI918,7M7,CDG,DXB,2025-07-01 02:15:00,2025-07-01 06:51:00,,,Scheduled
671,AI962,A21N,JFK,DXB,2025-03-26 18:45:00,2025-03-26 22:09:00,,,Scheduled
672,AI822,789,NRT,FRA,2025-06-11 22:00:00,2025-06-12 02:30:00,,,Scheduled
673,AI562,7M7,FRA,MAA,2025-06-04 06:30:00,2025-06-04 09:48:00,,,On Time
674,AI194,77W,DEL,NRT,2025-08-16 16:00:00,2025-08-17 03:24:00,2025-08-16 15:59:00,2025-08-17 03:38:00,Arrived
675,AI417,A21N,CCU,LAX,2025-06-17 04:00:00,2025-06-17 15:42:00,2025-06-17 04:33:00,2025-06-17 15:48:00,Arrived
676,AI570,32N,MAA,SIN,2025-07-18 22:00:00,2025-07-18 23:06:00,2025-07-18 22:33:00,2025-07-18 23:07:00,Arrived
677,AI205,32N,CCU,LAX,2025-09-24 21:30:00,2025-09-24 22:48:00,2025-09-24 22:00:00,2025-09-24 23:04:00,Arrived
678,AI393,77W,CCU,MAA,2025-05-22 17:30:00,2025-05-23 04:30:00,2025-05-22 17:37:00,2025-05-23 04:39:00,Arrived
679,AI115,339,BLR,HYD,2025-11-15 17:00:00,2025-11-15 20:42:00,,,On Time
680,AI821,351,CCU,HYD,2025-05-26 18:15:00,2025-05-26 21:27:00,,,On Time
681,AI554,A21N,FRA,CCU,2025-01-26 04:00:00,2025-01-26 11:06:00,2025-01-26 03:56:00,2025-01-26 11:45:00,Arrived
682,AI501,CR7,DEL,BOM,2025-04-02 22:45:00,2025-04-03 07:45:00,,,On Time
683,AI180,A21N,SYD,MAA,2025-08-27 18:15:00,2025-08-27 20:27:00,2025-08-27 18:49:00,2025-08-27 21:16:00,Arrived
684,AI800,789,BOM,LAX,2025-11-26 22:45:00,2025-11-27 05:51:00,2025-11-26 22:44:00,2025-11-27 06:14:00,Arrived
685,AI287,CR7,FRA,CCU,2025-12-25 21:30:00,2025-12-26 08:48:00,2025-12-25 21:49:00,2025-12-26 09:40:00,Arrived
686,AI215,E70,DEL,BOM,2025-06-29 15:45:00,2025-06-30 03:45:00,,,Scheduled
687,AI230,B38M,CCU,CDG,2025-09-18 03:45:00,2025-09-18 15:21:00,2025-09-18 03:55:00,2025-09-18 15:20:00,Arrived
688,AI572,A21N,NRT,HYD,2025-07-25 18:45:00,2025-07-25 22:51:00,,,Scheduled
689,AI167,CR7,BLR,LAX,2025-06-24 06:45:00,2025-06-24 17:57:00,,,Delayed
690,AI810,A21N,NRT,CCU,2025-05-01 05:00:00,2025-05-01 15:36:00,2025-05-01 05:43:00,2025-05-01 16:28:00,Arrived
691,AI574,B38M,BOM,CDG,2025-06-16 17:00:00,2025-06-17 04:42:00,,,Scheduled
692,AI211,B38M,JFK,BOM,2025-12-17 19:45:00,2025-12-18 01:03:00,2025-12-17 19:38:00,2025-12-18 01:04:00,Arrived
693,AI694,351,MAA,SYD,2025-11-22 00:15:00,2025-11-22 09:51:00,,,Boarding
694,AI691,B38M,HYD,JFK,2025-08-17 06:15:00,2025-08-17 16:09:00,,,On Time
695,AI545,789,CDG,NRT,2025-06-26 02:00:00,2025-06-26 10:54:00,2025-06-26 02:44:00,2025-06-26 11:00:00,Arrived
696,AI478,32N,SYD,HYD,2025-10-09 01:00:00,2025-10-09 11:06:00,2025-10-09 01:12:00,2025-10-09 11:10:00,Arrived
697,AI340,32N,SYD,HYD,2025-08-10 22:45:00,2025-08-11 07:51:00,2025-08-10 23:00:00,2025-08-11 08:29:00,Arrived
698,AI778,77W,JFK,LHR,2025-03-30 15:15:00,2025-03-30 18:39:00,,,On Time
699,AI257,CR7,FRA,CCU,2025-05-28 21:15:00,2025-05-28 23:57:00,,,Scheduled
700,AI773,E70,DEL,BLR,2025-08-12 04:00:00,2025-08-12 06:48:00,2025-08-12 04:45:00,2025-08-12 07:36:00,Arrived
701,AI535,B38M,FRA,NRT,2025-11-16 05:45:00,2025-11-16 13:21:00,2025-11-16 06:03:00,2025-11-16 14:00:00,Arrived
702,AI534,351,CCU,MAA,2025-11-06 00:45:00,2025-11-06 12:45:00,,,Scheduled
703,AI659,CR7,LHR,HYD,2025-10-23 11:00:00,2025-10-24 00:42:00,2025-10-23 11:35:00,2025-10-24 01:19:00,Arrived
704,AI807,E70,BOM,CDG,2025-02-10 04:30:00,2025-02-10 11:30:00,,,Scheduled
705,AI351,339,FRA,CDG,2025-08-30 20:00:00,2025-08-31 05:54:00,2025-08-30 20:27:00,2025-08-31 06:23:00,Arrived
706,AI647,7M7,CDG,DEL,2025-01-06 15:45:00,2025-01-06 23:27:00,,,Boarding
707,AI461,CR7,SIN,CCU,2025-05-31 09:15:00,2025-05-31 10:45:00,2025-05-31 09:52:00,2025-05-31 11:13:00,Arrived
708,AI366,B38M,SIN,NRT,2025-02-01 20:45:00,2025-02-02 05:15:00,2025-02-01 21:17:00,2025-02-02 05:42:00,Arrived
709,AI127,B38M,NRT,SIN,2025-05-27 15:00:00,2025-05-27 17:36:00,,,Scheduled
710,AI235,789,NRT,HYD,2025-11-12 08:30:00,2025-11-12 20:42:00,,,Scheduled
711,AI705,351,BOM,CDG,2025-03-19 21:45:00,2025-03-20 03:33:00,,,Scheduled
712,AI596,77W,NRT,SIN,2025-04-03 16:00:00,2025-04-03 21:30:00,,,Scheduled
713,AI957,351,BLR,CDG,2025-09-11 13:45:00,2025-09-11 17:51:00,,,Delayed
714,AI691,77W,DXB,BLR,2025-06-26 01:30:00,2025-06-26 12:18:00,,,Scheduled
715,AI587,CR7,BLR,LAX,2025-06-04 15:15:00,2025-06-04 21:09:00,2025-06-04 15:35:00,2025-06-04 21:32:00,Arrived
716,AI112,CR7,BLR,LHR,2025-05-28 14:45:00,2025-05-29 00:33:00,2025-05-28 15:18:00,2025-05-29 00:28:00,Arrived
717,AI964,7M7,BOM,LHR,2025-08-10 19:30:00,2025-08-11 00:54:00,,,Scheduled
718,AI500,B38M,BOM,HYD,2025-08-25 21:15:00,2025-08-26 07:45:00,2025-08-25 21:17:00,2025-08-26 08:41:00,Arrived
719,AI420,351,CCU,DXB,2025-10-08 00:00:00,2025-10-08 11:48:00,,,Scheduled
720,AI801,339,BOM,LHR,2025-08-17 11:15:00,2025-08-17 21:39:00,,,Scheduled
721,AI194,B38M,DEL,FRA,2025-01-30 19:15:00,2025-01-31 08:39:00,2025-01-30 19:50:00,2025-01-31 08:44:00,Arrived
722,AI233,B38M,BOM,SYD,2025-07-12 21:15:00,2025-07-13 09:51:00,2025-07-12 21:21:00,2025-07-13 10:18:00,Arrived
723,AI754,339,LAX,DXB,2025-08-21 08:45:00,2025-08-21 18:45:00,2025-08-21 09:24:00,2025-08-21 19:16:00,Arrived
724,AI383,339,HYD,BLR,2025-02-01 12:45:00,2025-02-01 18:03:00,,,Scheduled
725,AI551,351,SYD,HYD,2025-02-05 15:15:00,2025-02-06 00:09:00,,,Scheduled
726,AI653,351,LAX,BOM,2025-08-09 06:00:00,2025-08-09 18:54:00,2025-08-09 05:56:00,2025-08-09 18:48:00,Arrived
727,AI845,B38M,BOM,FRA,2025-05-09 14:00:00,2025-05-10 02:42:00,,,Scheduled
728,AI780,32N,DXB,DEL,2025-07-19 08:15:00,2025-07-19 18:21:00,2025-07-19 08:41:00,2025-07-19 18:11:00,Arrived
729,AI589,E70,LHR,SIN,2025-08-12 12:00:00,2025-08-12 20:00:00,,,Scheduled
730,AI224,E70,SIN,SYD,2025-10-18 17:30:00,2025-10-18 22:48:00,,,On Time
731,AI474,339,DEL,DXB,2025-10-01 10:00:00,2025-10-01 21:54:00,2025-10-01 10:08:00,2025-10-01 22:09:00,Arrived
732,AI493,32N,BLR,LHR,2025-12-05 06:30:00,2025-12-05 16:30:00,2025-12-05 07:00:00,2025-12-05 17:05:00,Arrived
733,AI852,E70,LAX,BOM,2025-04-08 04:00:00,2025-04-08 07:30:00,2025-04-08 04:27:00,2025-04-08 07:50:00,Arrived
734,AI911,339,LAX,JFK,2025-10-04 20:30:00,2025-10-05 04:00:00,2025-10-04 21:11:00,2025-10-05 04:47:00,Arrived
735,AI157,7M7,DEL,FRA,2025-06-22 23:00:00,2025-06-23 05:18:00,,,Scheduled
736,AI569,A21N,DXB,FRA,2025-12-14 17:15:00,2025-12-15 03:51:00,,,Scheduled
737,AI600,351,BOM,DEL,2025-12-01 00:45:00,2025-12-01 13:33:00,2025-12-01 00:50:00,2025-12-01 13:39:00,Arrived
738,AI414,32N,DEL,BLR,2025-02-19 14:15:00,2025-02-20 02:09:00,,,Scheduled
739,AI609,339,SYD,BOM,2025-11-01 19:15:00,2025-11-01 21:03:00,,,Scheduled
740,AI432,CR7,CCU,NRT,2025-03-03 21:15:00,2025-03-04 02:27:00,2025-03-03 21:18:00,2025-03-04 02:22:00,Arrived
741,AI164,7M7,CDG,BLR,2025-03-03 08:15:00,2025-03-03 19:03:00,,,Scheduled
742,AI549,351,CCU,LHR,2025-05-05 18:00:00,2025-05-05 20:42:00,2025-05-05 18:30:00,2025-05-05 21:20:00,Arrived
743,AI598,32N,NRT,BLR,2025-02-11 00:00:00,2025-02-11 03:18:00,,,Scheduled
744,AI526,789,DXB,CDG,2025-12-22 15:15:00,2025-12-22 18:57:00,2025-12-22 15:38:00,2025-12-22 19:44:00,Arrived
745,AI725,351,JFK,MAA,2025-12-21 01:15:00,2025-12-21 11:33:00,2025-12-21 01:10:00,2025-12-21 12:01:00,Arrived
746,AI671,32N,CCU,JFK,2025-05-01 06:00:00,2025-05-01 19:48:00,,,Cancelled
747,AI619,A21N,CDG,CCU,2025-04-23 14:15:00,2025-04-23 18:51:00,,,Scheduled
748,AI609,E70,NRT,BLR,2025-04-01 05:00:00,2025-04-01 06:42:00,,,On Time
749,AI442,789,MAA,JFK,2025-11-12 14:00:00,2025-11-12 16:24:00,,,Scheduled
750,AI904,351,LHR,BLR,2025-01-15 15:00:00,2025-01-15 16:54:00,,,Scheduled
751,AI433,B38M,LAX,CDG,2025-08-03 06:30:00,2025-08-03 10:30:00,,,Scheduled
752,AI855,77W,MAA,BOM,2025-07-31 06:45:00,2025-07-31 19:21:00,,,Scheduled
753,AI546,32N,CDG,LAX,2025-03-16 06:45:00,2025-03-16 10:03:00,,,On Time
754,AI747,77W,LAX,SIN,2025-07-03 08:15:00,2025-07-03 13:39:00,,,Scheduled
755,AI239,789,CDG,DEL,2025-02-26 14:45:00,2025-02-26 21:09:00,2025-02-26 14:49:00,2025-02-26 21:36:00,Arrived
756,AI274,B38M,CDG,BLR,2025-10-23 17:15:00,2025-10-23 19:21:00,2025-10-23 17:36:00,2025-10-23 19:38:00,Arrived
757,AI385,E70,CDG,LAX,2025-01-08 23:45:00,2025-01-09 10:21:00,,,Scheduled
758,AI327,B38M,CCU,JFK,2025-10-30 04:00:00,2025-10-30 10:24:00,,,Scheduled
759,AI134,A21N,LAX,SIN,2025-08-06 16:45:00,2025-08-06 23:57:00,2025-08-06 17:27:00,2025-08-06 23:59:00,Arrived
760,AI185,77W,LAX,FRA,2025-10-13 00:45:00,2025-10-13 14:03:00,,,Scheduled
761,AI116,339,HYD,MAA,2025-09-03 21:30:00,2025-09-04 00:36:00,,,Boarding
762,AI124,B38M,CDG,SIN,2025-08-21 14:15:00,2025-08-22 02:39:00,,,Delayed
763,AI741,7M7,NRT,SYD,2025-08-26 22:00:00,2025-08-27 10:12:00,,,Scheduled
764,AI643,7M7,FRA,SIN,2025-01-17 09:45:00,2025-01-17 20:33:00,2025-01-17 10:14:00,2025-01-17 21:32:00,Arrived
765,AI906,77W,CDG,NRT,2025-12-17 02:30:00,2025-12-17 13:06:00,,,Scheduled
766,AI152,7M7,FRA,DXB,2025-02-26 12:30:00,2025-02-26 19:30:00,,,Scheduled
767,AI821,A21N,CCU,BLR,2025-02-04 17:15:00,2025-02-04 20:03:00,,,On Time
768,AI855,E70,LHR,BOM,2025-10-25 22:15:00,2025-10-26 09:03:00,2025-10-25 22:25:00,2025-10-26 09:38:00,Arrived
769,AI796,A21N,FRA,HYD,2025-08-05 08:00:00,2025-08-05 09:48:00,,,On Time
770,AI949,A21N,LAX,LHR,2025-03-04 15:30:00,2025-03-04 22:24:00,,,On Time
771,AI292,339,DXB,SIN,2025-08-23 02:00:00,2025-08-23 08:06:00,,,Scheduled
772,AI382,351,BOM,FRA,2025-02-27 22:15:00,2025-02-28 05:45:00,2025-02-27 22:38:00,2025-02-28 05:37:00,Arrived
773,AI235,A21N,HYD,JFK,2025-08-31 11:45:00,2025-08-31 18:33:00,2025-08-31 11:53:00,2025-08-31 18:47:00,Arrived
774,AI954,77W,BOM,DEL,2025-09-24 20:30:00,2025-09-25 02:54:00,,,On Time
775,AI597,7M7,DXB,NRT,2025-10-31 21:45:00,2025-11-01 04:45:00,2025-10-31 22:25:00,2025-11-01 05:14:00,Arrived
776,AI332,789,BLR,NRT,2025-09-05 11:30:00,2025-09-05 22:30:00,,,Scheduled
777,AI270,E70,CCU,HYD,2025-11-13 05:30:00,2025-11-13 08:54:00,,,Scheduled
778,AI265,351,SIN,FRA,2025-05-02 03:00:00,2025-05-02 16:54:00,2025-05-02 03:18:00,2025-05-02 17:17:00,Arrived
779,AI675,77W,CCU,BLR,2025-12-29 01:30:00,2025-12-29 15:12:00,,,Scheduled
780,AI646,351,LAX,LHR,2025-06-04 03:00:00,2025-06-04 09:18:00,2025-06-04 02:59:00,2025-06-04 10:06:00,Arrived
781,AI104,351,FRA,CCU,2025-10-07 16:30:00,2025-10-08 01:54:00,,,Scheduled
782,AI782,B38M,FRA,HYD,2025-03-17 18:45:00,2025-03-18 00:09:00,,,Scheduled
783,AI794,351,LAX,DEL,2025-10-10 03:30:00,2025-10-10 04:48:00,2025-10-10 03:34:00,2025-10-10 05:35:00,Arrived
784,AI156,7M7,CCU,BOM,2025-11-08 20:15:00,2025-11-09 04:51:00,,,Scheduled
785,AI300,789,FRA,NRT,2025-01-12 02:45:00,2025-01-12 12:33:00,2025-01-12 03:07:00,2025-01-12 13:13:00,Arrived
786,AI717,7M7,MAA,LAX,2025-11-06 16:00:00,2025-11-07 04:48:00,,,On Time
787,AI478,CR7,BLR,SIN,2025-07-17 11:00:00,2025-07-17 15:42:00,,,On Time
788,AI189,A21N,LAX,SYD,2025-04-21 23:45:00,2025-04-22 10:21:00,,,Delayed
789,AI925,351,LAX,HYD,2025-08-06 23:45:00,2025-08-07 02:33:00,2025-08-06 23:40:00,2025-08-07 02:41:00,Arrived
790,AI988,E70,MAA,HYD,2025-09-26 10:00:00,2025-09-26 23:06:00,2025-09-26 10:14:00,2025-09-26 23:07:00,Arrived
791,AI524,789,DEL,JFK,2025-03-31 17:45:00,2025-04-01 03:57:00,2025-03-31 17:43:00,2025-04-01 04:12:00,Arrived
792,AI396,CR7,BLR,SYD,2025-10-11 15:00:00,2025-10-12 02:42:00,,,On Time
793,AI672,E70,CDG,HYD,2025-08-26 07:00:00,2025-08-26 18:18:00,,,Scheduled
794,AI227,E70,HYD,DXB,2025-12-01 21:30:00,2025-12-02 03:54:00,2025-12-01 22:04:00,2025-12-02 04:15:00,Arrived
795,AI604,789,DEL,BOM,2025-02-04 19:30:00,2025-02-05 04:06:00,2025-02-04 20:15:00,2025-02-05 04:29:00,Arrived
796,AI810,E70,DXB,FRA,2025-03-03 11:00:00,2025-03-03 23:00:00,,,Scheduled
797,AI572,7M7,DEL,BLR,2025-12-21 04:30:00,2025-12-21 07:36:00,,,Scheduled
798,AI149,7M7,JFK,DXB,2025-05-29 09:00:00,2025-05-29 16:42:00,2025-05-29 09:01:00,2025-05-29 16:44:00,Arrived
799,AI656,351,CDG,NRT,2025-06-15 10:30:00,2025-06-15 15:00:00,2025-06-15 10:43:00,2025-06-15 15:02:00,Arrived
800,AI943,7M7,LHR,CDG,2025-03-15 00:15:00,2025-03-15 07:57:00,,,On Time
801,AI266,7M7,LAX,JFK,2025-02-22 06:15:00,2025-02-22 13:45:00,2025-02-22 06:55:00,2025-02-22 14:42:00,Arrived
802,AI819,A21N,SYD,LHR,2025-02-28 13:45:00,2025-03-01 02:39:00,,,Scheduled
803,AI456,E70,BLR,DEL,2025-06-09 22:30:00,2025-06-10 01:18:00,,,Delayed
804,AI276,7M7,CDG,LHR,2025-12-30 09:00:00,2025-12-30 19:42:00,,,Scheduled
805,AI804,351,BLR,SYD,2025-04-27 09:15:00,2025-04-27 12:57:00,,,Cancelled
806,AI179,339,JFK,SIN,2025-01-10 15:45:00,2025-01-10 17:21:00,,,Scheduled
807,AI707,A21N,NRT,DXB,2025-01-31 15:00:00,2025-02-01 03:48:00,,,Scheduled
808,AI872,32N,HYD,DXB,2025-02-19 03:15:00,2025-02-19 11:51:00,,,Scheduled
809,AI192,32N,DXB,CCU,2025-03-16 23:30:00,2025-03-17 12:48:00,,,On Time
810,AI899,A21N,BLR,SYD,2025-11-10 07:00:00,2025-11-10 09:18:00,2025-11-10 06:50:00,2025-11-10 10:15:00,Arrived
811,AI388,77W,MAA,SIN,2025-03-29 17:00:00,2025-03-30 06:42:00,,,Scheduled
812,AI475,E70,MAA,LHR,2025-12-24 18:15:00,2025-12-25 00:57:00,2025-12-24 18:16:00,2025-12-25 01:32:00,Arrived
813,AI626,77W,JFK,FRA,2025-04-27 13:00:00,2025-04-27 23:54:00,,,On Time
814,AI239,A21N,LAX,BOM,2025-09-11 11:30:00,2025-09-11 19:42:00,,,Scheduled
815,AI494,339,CCU,LAX,2025-05-26 14:30:00,2025-05-27 00:24:00,2025-05-26 14:34:00,2025-05-27 01:24:00,Arrived
816,AI293,CR7,JFK,HYD,2025-02-05 15:30:00,2025-02-05 18:48:00,,,Cancelled
817,AI505,339,LAX,DXB,2025-08-13 16:00:00,2025-08-13 18:30:00,,,On Time
818,AI859,339,SIN,CDG,2025-03-28 02:30:00,2025-03-28 16:12:00,,,On Time
819,AI225,CR7,CDG,SYD,2025-04-30 13:45:00,2025-04-30 18:21:00,2025-04-30 14:12:00,2025-04-30 18:45:00,Arrived
820,AI464,CR7,NRT,FRA,2025-09-01 21:45:00,2025-09-02 11:33:00,2025-09-01 21:44:00,2025-09-02 12:21:00,Arrived
821,AI601,789,BOM,FRA,2025-09-12 07:15:00,2025-09-12 08:39:00,2025-09-12 07:58:00,2025-09-12 08:37:00,Arrived
822,AI283,32N,LAX,DXB,2025-07-15 19:30:00,2025-07-15 22:30:00,2025-07-15 19:26:00,2025-07-15 22:29:00,Arrived
823,AI885,A21N,DXB,NRT,2025-09-10 14:15:00,2025-09-10 19:03:00,2025-09-10 14:37:00,2025-09-10 19:26:00,Arrived
824,AI659,A21N,LHR,CCU,2025-01-10 01:45:00,2025-01-10 14:09:00,,,Scheduled
825,AI553,CR7,LAX,CCU,2025-08-24 01:00:00,2025-08-24 04:18:00,2025-08-24 01:39:00,2025-08-24 04:46:00,Arrived
826,AI603,351,FRA,SIN,2025-08-09 04:30:00,2025-08-09 14:48:00,2025-08-09 04:27:00,2025-08-09 15:40:00,Departed
827,AI685,A21N,DXB,LHR,2025-08-29 15:15:00,2025-08-29 22:51:00,,,On Time
828,AI731,CR7,LAX,CDG,2025-12-13 11:30:00,2025-12-13 16:42:00,,,Scheduled
829,AI457,7M7,DEL,BLR,2025-10-26 00:30:00,2025-10-26 06:24:00,,,Delayed
830,AI157,7M7,CCU,JFK,2025-12-05 07:15:00,2025-12-05 11:21:00,,,On Time
831,AI989,339,BOM,SIN,2025-06-06 03:30:00,2025-06-06 06:42:00,2025-06-06 03:22:00,2025-06-06 07:30:00,Arrived
832,AI681,CR7,DXB,SYD,2025-09-21 13:30:00,2025-09-21 14:48:00,,,Boarding
833,AI684,CR7,DEL,CCU,2025-07-19 10:00:00,2025-07-19 21:30:00,,,Scheduled
834,AI608,7M7,DXB,MAA,2025-09-15 21:30:00,2025-09-16 00:42:00,,,Scheduled
835,AI750,E70,JFK,MAA,2025-02-08 17:15:00,2025-02-08 21:57:00,,,Scheduled
836,AI739,77W,CDG,JFK,2025-02-17 22:00:00,2025-02-18 06:42:00,,,Scheduled
837,AI586,A21N,CDG,NRT,2025-08-07 06:30:00,2025-08-07 17:48:00,2025-08-07 06:39:00,2025-08-07 18:42:00,Arrived
838,AI779,CR7,NRT,HYD,2025-10-04 10:15:00,2025-10-04 16:39:00,,,Scheduled
839,AI284,A21N,LHR,LAX,2025-01-10 20:15:00,2025-01-11 04:45:00,,,Scheduled
840,AI374,E70,SYD,SIN,2025-11-23 17:45:00,2025-11-24 06:57:00,2025-11-23 17:38:00,2025-11-24 07:53:00,Arrived
841,AI251,E70,MAA,CCU,2025-05-04 04:30:00,2025-05-04 16:30:00,,,Delayed
842,AI749,339,SYD,FRA,2025-04-15 13:30:00,2025-04-16 01:12:00,2025-04-15 13:36:00,2025-04-16 01:32:00,Arrived
843,AI253,339,JFK,MAA,2025-04-09 00:15:00,2025-04-09 11:39:00,,,On Time
844,AI532,CR7,LAX,LHR,2025-11-28 01:15:00,2025-11-28 04:21:00,,,Scheduled
845,AI774,789,HYD,NRT,2025-10-09 05:00:00,2025-10-09 18:30:00,2025-10-09 04:51:00,2025-10-09 18:27:00,Departed
846,AI716,7M7,SYD,BOM,2025-06-02 02:45:00,2025-06-02 15:27:00,2025-06-02 02:40:00,2025-06-02 16:07:00,Arrived
847,AI341,351,SYD,SIN,2025-02-27 18:00:00,2025-02-28 01:48:00,2025-02-27 18:39:00,2025-02-28 02:45:00,Arrived
848,AI343,339,HYD,LAX,2025-11-04 03:30:00,2025-11-04 08:48:00,2025-11-04 03:44:00,2025-11-04 09:08:00,Arrived
849,AI247,77W,FRA,JFK,2025-02-24 05:15:00,2025-02-24 18:51:00,,,Delayed
850,AI157,B38M,HYD,SYD,2025-09-09 17:30:00,2025-09-10 03:36:00,,,Scheduled
851,AI799,E70,LHR,JFK,2025-05-07 08:15:00,2025-05-07 13:57:00,2025-05-07 08:57:00,2025-05-07 14:26:00,Arrived
852,AI135,B38M,DEL,DXB,2025-12-06 01:15:00,2025-12-06 05:33:00,,,On Time
853,AI931,7M7,DXB,SIN,2025-12-17 03:15:00,2025-12-17 15:21:00,,,On Time
854,AI408,789,FRA,JFK,2025-02-16 07:30:00,2025-02-16 11:12:00,2025-02-16 07:48:00,2025-02-16 11:42:00,Arrived
855,AI908,CR7,FRA,NRT,2025-01-18 08:00:00,2025-01-18 19:42:00,2025-01-18 08:20:00,2025-01-18 20:24:00,Arrived
856,AI834,7M7,FRA,SYD,2025-08-05 03:15:00,2025-08-05 13:21:00,2025-08-05 03:27:00,2025-08-05 14:04:00,Arrived
857,AI855,A21N,CDG,SIN,2025-06-17 14:00:00,2025-06-18 00:54:00,2025-06-17 14:01:00,2025-06-18 01:40:00,Arrived
858,AI103,351,NRT,DXB,2025-07-25 06:30:00,2025-07-25 11:36:00,,,Scheduled
859,AI830,A21N,BLR,MAA,2025-11-29 04:45:00,2025-11-29 16:03:00,,,On Time
860,AI366,351,LAX,SYD,2025-03-30 21:30:00,2025-03-31 08:54:00,,,Scheduled
861,AI502,351,JFK,CCU,2025-07-13 18:15:00,2025-07-13 19:33:00,,,Scheduled
862,AI741,B38M,LHR,DXB,2025-04-28 02:45:00,2025-04-28 06:21:00,2025-04-28 02:45:00,2025-04-28 06:17:00,Arrived
863,AI714,CR7,JFK,CDG,2025-05-14 04:00:00,2025-05-14 17:30:00,,,Scheduled
864,AI835,32N,CDG,BOM,2025-09-27 13:45:00,2025-09-28 01:33:00,2025-09-27 13:49:00,2025-09-28 01:49:00,Arrived
865,AI394,789,MAA,SYD,2025-09-11 12:15:00,2025-09-11 18:51:00,,,Scheduled
866,AI844,789,MAA,SYD,2025-12-13 06:45:00,2025-12-13 10:03:00,2025-12-13 06:36:00,2025-12-13 10:30:00,Arrived
867,AI561,B38M,HYD,MAA,2025-05-08 11:45:00,2025-05-08 13:51:00,,,Boarding
868,AI803,CR7,SYD,CCU,2025-04-19 22:45:00,2025-04-20 08:57:00,2025-04-19 22:51:00,2025-04-20 08:56:00,Arrived
869,AI153,32N,BOM,LHR,2025-06-20 07:45:00,2025-06-20 20:33:00,,,Cancelled
870,AI826,B38M,DXB,NRT,2025-01-24 00:30:00,2025-01-24 08:06:00,,,On Time
871,AI235,7M7,JFK,DXB,2025-10-14 01:15:00,2025-10-14 05:39:00,2025-10-14 01:26:00,2025-10-14 06:28:00,Arrived
872,AI827,7M7,BLR,BOM,2025-09-29 13:15:00,2025-09-29 17:39:00,,,On Time
873,AI865,789,BLR,LAX,2025-07-04 13:30:00,2025-07-05 02:12:00,,,Scheduled
874,AI629,789,SYD,NRT,2025-06-10 13:15:00,2025-06-10 18:21:00,,,Cancelled
875,AI973,A21N,NRT,BLR,2025-12-03 20:45:00,2025-12-03 22:27:00,,,Scheduled
876,AI581,32N,MAA,BLR,2025-05-14 05:45:00,2025-05-14 12:27:00,,,Cancelled
877,AI552,32N,FRA,LAX,2025-07-02 22:45:00,2025-07-03 05:45:00,,,Scheduled
878,AI226,351,SIN,SYD,2025-06-28 02:15:00,2025-06-28 14:33:00,,,Scheduled
879,AI942,A21N,BLR,SIN,2025-05-20 18:15:00,2025-05-21 02:51:00,,,Cancelled
880,AI284,B38M,LHR,NRT,2025-08-02 02:15:00,2025-08-02 13:15:00,2025-08-02 02:26:00,2025-08-02 13:08:00,Arrived
881,AI503,339,HYD,DXB,2025-07-11 18:00:00,2025-07-12 05:54:00,,,Scheduled
882,AI564,E70,BOM,LAX,2025-11-18 08:00:00,2025-11-18 13:18:00,,,Scheduled
883,AI849,7M7,CDG,LAX,2025-10-19 04:15:00,2025-10-19 16:27:00,2025-10-19 04:23:00,2025-10-19 16:58:00,Arrived
884,AI660,339,NRT,DEL,2025-11-05 12:00:00,2025-11-05 18:12:00,,,Scheduled
885,AI191,CR7,NRT,SYD,2025-01-11 06:15:00,2025-01-11 12:21:00,,,Delayed
886,AI223,351,DXB,NRT,2025-06-02 15:45:00,2025-06-03 02:21:00,2025-06-02 16:18:00,2025-06-03 02:27:00,Arrived
887,AI952,339,CCU,DXB,2025-07-08 16:15:00,2025-07-08 23:39:00,2025-07-08 16:35:00,2025-07-09 00:03:00,Arrived
888,AI192,CR7,CDG,FRA,2025-08-05 11:15:00,2025-08-05 17:51:00,,,Delayed
889,AI574,7M7,DEL,LHR,2025-12-13 07:15:00,2025-12-13 20:21:00,2025-12-13 07:46:00,2025-12-13 21:18:00,Arrived
890,AI547,E70,BOM,HYD,2025-02-10 15:30:00,2025-02-10 18:24:00,,,Scheduled
891,AI635,77W,FRA,HYD,2025-08-07 09:00:00,2025-08-07 17:12:00,2025-08-07 09:22:00,2025-08-07 17:15:00,Arrived
892,AI196,CR7,LHR,JFK,2025-08-26 21:30:00,2025-08-27 03:06:00,2025-08-26 22:09:00,2025-08-27 04:00:00,Arrived
893,AI283,E70,DEL,BOM,2025-04-04 12:00:00,2025-04-04 14:06:00,2025-04-04 12:09:00,2025-04-04 14:36:00,Arrived
894,AI875,E70,CDG,SIN,2025-12-10 14:30:00,2025-12-10 19:54:00,2025-12-10 15:11:00,2025-12-10 20:07:00,Arrived
895,AI864,339,MAA,BLR,2025-11-06 08:00:00,2025-11-06 14:36:00,,,Scheduled
896,AI275,32N,JFK,BOM,2025-12-02 15:45:00,2025-12-03 01:45:00,2025-12-02 16:22:00,2025-12-03 02:37:00,Arrived
897,AI469,B38M,HYD,CDG,2025-12-20 21:45:00,2025-12-21 09:15:00,,,Scheduled
898,AI214,77W,BLR,DEL,2025-01-09 22:15:00,2025-01-10 10:27:00,,,Scheduled
899,AI546,77W,DXB,BLR,2025-11-17 17:15:00,2025-11-17 19:21:00,2025-11-17 17:14:00,2025-11-17 20:11:00,Arrived
900,AI270,339,JFK,DEL,2025-03-20 23:45:00,2025-03-21 13:15:00,2025-03-21 00:30:00,2025-03-21 14:02:00,Departed
